:ID(Flight),flight_number,aircraft_id,operator,origin,destination,scheduled_departure,scheduled_arrival
FL00001,EX370,AC1013,ExampleAir,PHX,SEA,2024-09-27T22:00:00,2024-09-28T03:24:00
FL00002,SK739,AC1014,SkyWays,SEA,SFO,2024-07-08T08:00:00,2024-07-08T10:49:00
FL00003,NO833,AC1012,NorthernJet,ATL,LAX,2024-08-11T12:00:00,2024-08-11T14:06:00
FL00004,NO234,AC1008,NorthernJet,DFW,LAX,2024-07-09T19:00:00,2024-07-10T00:42:00
FL00005,EX199,AC1001,ExampleAir,MIA,SFO,2024-07-03T12:00:00,2024-07-03T15:46:00
FL00006,SK180,AC1002,SkyWays,SFO,MSP,2024-07-26T00:00:00,2024-07-26T05:07:00
FL00007,EX400,AC1009,ExampleAir,LAX,PHX,2024-08-30T09:00:00,2024-08-30T13:29:00
FL00008,EX662,AC1017,ExampleAir,LAX,ATL,2024-07-03T01:00:00,2024-07-03T03:44:00
FL00009,RE997,AC1011,RegionalCo,MIA,SFO,2024-09-07T19:00:00,2024-09-07T21:44:00
FL00010,EX277,AC1005,ExampleAir,DFW,SEA,2024-07-15T11:00:00,2024-07-15T13:48:00
FL00011,NO805,AC1020,NorthernJet,MSP,MIA,2024-08-16T19:00:00,2024-08-16T21:22:00
FL00012,EX383,AC1005,ExampleAir,ORD,MSP,2024-07-20T02:00:00,2024-07-20T05:26:00
FL00013,SK101,AC1014,SkyWays,JFK,PHX,2024-08-30T19:00:00,2024-08-30T21:16:00
FL00014,SK337,AC1010,SkyWays,SEA,DFW,2024-08-21T12:00:00,2024-08-21T13:49:00
FL00015,RE823,AC1003,RegionalCo,SFO,DFW,2024-09-02T18:00:00,2024-09-02T21:41:00
FL00016,RE656,AC1019,RegionalCo,BOS,DFW,2024-09-09T19:00:00,2024-09-09T22:09:00
FL00017,NO266,AC1012,NorthernJet,MIA,PHX,2024-08-01T04:00:00,2024-08-01T09:19:00
FL00018,NO670,AC1020,NorthernJet,DFW,DEN,2024-08-16T01:00:00,2024-08-16T05:34:00
FL00019,NO583,AC1008,NorthernJet,DEN,DFW,2024-07-04T10:00:00,2024-07-04T12:35:00
FL00020,EX183,AC1013,ExampleAir,LAX,PHX,2024-07-12T07:00:00,2024-07-12T09:38:00
FL00021,SK189,AC1018,SkyWays,SFO,MIA,2024-09-24T02:00:00,2024-09-24T04:59:00
FL00022,EX105,AC1001,ExampleAir,DEN,MSP,2024-08-10T17:00:00,2024-08-10T20:33:00
FL00023,RE213,AC1007,RegionalCo,DEN,PHX,2024-07-23T19:00:00,2024-07-23T23:07:00
FL00024,RE380,AC1019,RegionalCo,SFO,PHX,2024-07-25T02:00:00,2024-07-25T07:22:00
FL00025,SK755,AC1006,SkyWays,BOS,LAX,2024-07-27T11:00:00,2024-07-27T14:26:00
FL00026,EX930,AC1001,ExampleAir,ORD,DFW,2024-07-23T15:00:00,2024-07-23T18:05:00
FL00027,SK977,AC1010,SkyWays,DFW,JFK,2024-07-27T22:00:00,2024-07-27T23:48:00
FL00028,EX810,AC1001,ExampleAir,ORD,SEA,2024-07-03T21:00:00,2024-07-04T01:31:00
FL00029,RE563,AC1011,RegionalCo,PHX,SEA,2024-08-22T20:00:00,2024-08-23T00:39:00
FL00030,RE889,AC1007,RegionalCo,JFK,PHX,2024-09-06T03:00:00,2024-09-06T08:50:00
FL00031,NO645,AC1012,NorthernJet,MSP,SEA,2024-08-06T23:00:00,2024-08-07T01:09:00
FL00032,SK751,AC1018,SkyWays,LAX,PHX,2024-07-11T11:00:00,2024-07-11T12:44:00
FL00033,SK262,AC1002,SkyWays,BOS,PHX,2024-09-03T06:00:00,2024-09-03T07:33:00
FL00034,RE828,AC1019,RegionalCo,SEA,PHX,2024-09-28T17:00:00,2024-09-28T19:25:00
FL00035,SK549,AC1010,SkyWays,PHX,MSP,2024-07-10T05:00:00,2024-07-10T07:35:00
FL00036,RE625,AC1007,RegionalCo,MSP,BOS,2024-09-11T15:00:00,2024-09-11T20:40:00
FL00037,EX144,AC1009,ExampleAir,MIA,MSP,2024-07-11T09:00:00,2024-07-11T13:30:00
FL00038,NO760,AC1008,NorthernJet,ORD,LAX,2024-09-05T12:00:00,2024-09-05T13:46:00
FL00039,NO691,AC1012,NorthernJet,SFO,LAX,2024-08-04T23:00:00,2024-08-05T01:43:00
FL00040,EX713,AC1009,ExampleAir,MIA,PHX,2024-09-13T10:00:00,2024-09-13T12:21:00
FL00041,RE566,AC1011,RegionalCo,LAX,DFW,2024-09-08T08:00:00,2024-09-08T10:12:00
FL00042,SK697,AC1002,SkyWays,DFW,MIA,2024-08-14T10:00:00,2024-08-14T11:59:00
FL00043,NO201,AC1016,NorthernJet,MIA,DEN,2024-07-15T22:00:00,2024-07-15T23:54:00
FL00044,RE335,AC1015,RegionalCo,MSP,SFO,2024-07-24T11:00:00,2024-07-24T14:34:00
FL00045,NO750,AC1008,NorthernJet,ORD,SFO,2024-08-24T13:00:00,2024-08-24T14:54:00
FL00046,RE151,AC1003,RegionalCo,ORD,DFW,2024-09-15T13:00:00,2024-09-15T18:41:00
FL00047,NO679,AC1008,NorthernJet,DFW,ORD,2024-07-24T00:00:00,2024-07-24T04:59:00
FL00048,NO440,AC1016,NorthernJet,JFK,DEN,2024-07-17T11:00:00,2024-07-17T14:11:00
FL00049,SK974,AC1006,SkyWays,DFW,LAX,2024-07-16T11:00:00,2024-07-16T15:15:00
FL00050,NO956,AC1004,NorthernJet,ORD,JFK,2024-09-24T09:00:00,2024-09-24T10:38:00
FL00051,EX102,AC1013,ExampleAir,DFW,MIA,2024-08-15T10:00:00,2024-08-15T14:04:00
FL00052,NO818,AC1004,NorthernJet,PHX,MSP,2024-07-23T12:00:00,2024-07-23T14:30:00
FL00053,EX700,AC1009,ExampleAir,BOS,MIA,2024-07-09T05:00:00,2024-07-09T08:29:00
FL00054,NO800,AC1020,NorthernJet,BOS,PHX,2024-09-19T06:00:00,2024-09-19T09:24:00
FL00055,NO593,AC1012,NorthernJet,ATL,MSP,2024-09-11T16:00:00,2024-09-11T18:33:00
FL00056,RE556,AC1003,RegionalCo,SEA,JFK,2024-09-22T19:00:00,2024-09-22T21:58:00
FL00057,RE776,AC1007,RegionalCo,SFO,MIA,2024-07-23T23:00:00,2024-07-24T03:00:00
FL00058,NO433,AC1012,NorthernJet,SFO,DEN,2024-07-30T00:00:00,2024-07-30T02:16:00
FL00059,NO526,AC1016,NorthernJet,SEA,MSP,2024-07-31T06:00:00,2024-07-31T07:56:00
FL00060,RE934,AC1011,RegionalCo,JFK,PHX,2024-08-02T23:00:00,2024-08-03T03:10:00
FL00061,RE552,AC1007,RegionalCo,JFK,PHX,2024-09-12T19:00:00,2024-09-12T21:58:00
FL00062,EX104,AC1013,ExampleAir,DEN,MIA,2024-07-29T07:00:00,2024-07-29T08:36:00
FL00063,NO748,AC1008,NorthernJet,DEN,MSP,2024-09-03T04:00:00,2024-09-03T07:51:00
FL00064,EX155,AC1005,ExampleAir,SEA,PHX,2024-07-31T12:00:00,2024-07-31T16:56:00
FL00065,EX608,AC1005,ExampleAir,MSP,ORD,2024-08-25T10:00:00,2024-08-25T12:18:00
FL00066,EX802,AC1017,ExampleAir,ATL,JFK,2024-08-13T17:00:00,2024-08-13T21:21:00
FL00067,EX625,AC1009,ExampleAir,DFW,DEN,2024-07-16T15:00:00,2024-07-16T18:16:00
FL00068,EX258,AC1001,ExampleAir,MSP,PHX,2024-07-21T00:00:00,2024-07-21T04:08:00
FL00069,EX902,AC1005,ExampleAir,MIA,MSP,2024-07-12T11:00:00,2024-07-12T13:56:00
FL00070,SK788,AC1002,SkyWays,JFK,SEA,2024-09-25T12:00:00,2024-09-25T15:19:00
FL00071,SK955,AC1018,SkyWays,JFK,PHX,2024-08-22T13:00:00,2024-08-22T15:49:00
FL00072,RE775,AC1007,RegionalCo,ORD,LAX,2024-07-18T20:00:00,2024-07-18T22:51:00
FL00073,NO252,AC1004,NorthernJet,MSP,SEA,2024-09-09T07:00:00,2024-09-09T10:33:00
FL00074,RE471,AC1007,RegionalCo,DFW,JFK,2024-09-24T15:00:00,2024-09-24T17:24:00
FL00075,SK307,AC1010,SkyWays,DEN,PHX,2024-08-09T17:00:00,2024-08-09T19:51:00
FL00076,RE916,AC1019,RegionalCo,DEN,BOS,2024-09-29T12:00:00,2024-09-29T14:37:00
FL00077,EX791,AC1005,ExampleAir,LAX,ATL,2024-09-11T05:00:00,2024-09-11T10:25:00
FL00078,SK411,AC1014,SkyWays,JFK,MSP,2024-07-22T12:00:00,2024-07-22T14:58:00
FL00079,EX514,AC1009,ExampleAir,SFO,SEA,2024-09-25T11:00:00,2024-09-25T14:55:00
FL00080,EX594,AC1005,ExampleAir,PHX,ATL,2024-07-19T02:00:00,2024-07-19T06:37:00
FL00081,SK812,AC1002,SkyWays,PHX,DFW,2024-07-04T14:00:00,2024-07-04T18:03:00
FL00082,EX329,AC1009,ExampleAir,PHX,SEA,2024-09-29T18:00:00,2024-09-29T23:32:00
FL00083,RE714,AC1019,RegionalCo,BOS,JFK,2024-07-20T17:00:00,2024-07-20T20:52:00
FL00084,RE935,AC1011,RegionalCo,DFW,JFK,2024-09-20T15:00:00,2024-09-20T19:06:00
FL00085,SK232,AC1018,SkyWays,DEN,PHX,2024-07-20T16:00:00,2024-07-20T21:00:00
FL00086,SK433,AC1014,SkyWays,JFK,SEA,2024-07-11T00:00:00,2024-07-11T04:47:00
FL00087,RE239,AC1007,RegionalCo,SFO,PHX,2024-08-02T12:00:00,2024-08-02T13:39:00
FL00088,NO355,AC1020,NorthernJet,BOS,SFO,2024-08-10T00:00:00,2024-08-10T05:45:00
FL00089,EX926,AC1001,ExampleAir,DFW,SEA,2024-08-31T21:00:00,2024-08-31T23:55:00
FL00090,NO327,AC1012,NorthernJet,DEN,MIA,2024-07-20T18:00:00,2024-07-20T23:26:00
FL00091,NO821,AC1020,NorthernJet,LAX,PHX,2024-07-24T22:00:00,2024-07-25T03:11:00
FL00092,SK207,AC1006,SkyWays,ORD,DFW,2024-08-24T15:00:00,2024-08-24T19:04:00
FL00093,SK174,AC1018,SkyWays,ATL,BOS,2024-09-09T23:00:00,2024-09-10T03:32:00
FL00094,EX674,AC1005,ExampleAir,LAX,MSP,2024-08-19T06:00:00,2024-08-19T08:38:00
FL00095,EX919,AC1017,ExampleAir,MSP,PHX,2024-07-28T15:00:00,2024-07-28T17:29:00
FL00096,SK186,AC1018,SkyWays,LAX,SFO,2024-09-21T14:00:00,2024-09-21T15:53:00
FL00097,RE306,AC1011,RegionalCo,DFW,DEN,2024-07-27T12:00:00,2024-07-27T13:46:00
FL00098,RE215,AC1011,RegionalCo,LAX,PHX,2024-08-08T19:00:00,2024-08-08T22:27:00
FL00099,SK187,AC1006,SkyWays,JFK,DFW,2024-07-27T23:00:00,2024-07-28T01:53:00
FL00100,EX318,AC1005,ExampleAir,ATL,DEN,2024-09-28T21:00:00,2024-09-29T02:18:00
FL00101,SK587,AC1010,SkyWays,ATL,PHX,2024-08-03T06:00:00,2024-08-03T07:59:00
FL00102,RE653,AC1011,RegionalCo,DEN,JFK,2024-07-18T03:00:00,2024-07-18T05:31:00
FL00103,SK733,AC1002,SkyWays,SFO,DFW,2024-08-06T16:00:00,2024-08-06T18:56:00
FL00104,NO170,AC1012,NorthernJet,PHX,SEA,2024-08-17T23:00:00,2024-08-18T04:44:00
FL00105,NO670,AC1004,NorthernJet,PHX,ATL,2024-08-30T05:00:00,2024-08-30T10:17:00
FL00106,RE463,AC1007,RegionalCo,DEN,MIA,2024-09-03T08:00:00,2024-09-03T12:31:00
FL00107,EX455,AC1017,ExampleAir,SFO,MIA,2024-08-22T12:00:00,2024-08-22T17:05:00
FL00108,EX558,AC1017,ExampleAir,SEA,JFK,2024-08-12T22:00:00,2024-08-13T02:08:00
FL00109,RE185,AC1007,RegionalCo,LAX,JFK,2024-07-06T19:00:00,2024-07-06T21:56:00
FL00110,EX713,AC1017,ExampleAir,JFK,SEA,2024-07-27T04:00:00,2024-07-27T06:16:00
FL00111,SK115,AC1014,SkyWays,MSP,ORD,2024-09-28T22:00:00,2024-09-29T00:03:00
FL00112,EX425,AC1009,ExampleAir,MSP,BOS,2024-09-14T22:00:00,2024-09-14T23:44:00
FL00113,SK448,AC1002,SkyWays,PHX,DEN,2024-09-26T23:00:00,2024-09-27T04:02:00
FL00114,EX303,AC1009,ExampleAir,MIA,DFW,2024-07-22T22:00:00,2024-07-23T00:19:00
FL00115,RE316,AC1015,RegionalCo,DEN,JFK,2024-08-29T10:00:00,2024-08-29T13:00:00
FL00116,SK530,AC1018,SkyWays,MIA,ORD,2024-07-27T13:00:00,2024-07-27T14:35:00
FL00117,NO690,AC1008,NorthernJet,SEA,DFW,2024-07-20T17:00:00,2024-07-20T19:35:00
FL00118,RE861,AC1007,RegionalCo,DEN,SEA,2024-07-22T05:00:00,2024-07-22T07:49:00
FL00119,EX457,AC1009,ExampleAir,ATL,DFW,2024-07-08T18:00:00,2024-07-08T21:23:00
FL00120,NO702,AC1020,NorthernJet,PHX,ATL,2024-08-06T02:00:00,2024-08-06T05:33:00
FL00121,EX421,AC1013,ExampleAir,SFO,ATL,2024-07-13T15:00:00,2024-07-13T18:15:00
FL00122,SK908,AC1006,SkyWays,BOS,ATL,2024-08-28T04:00:00,2024-08-28T06:34:00
FL00123,SK231,AC1018,SkyWays,JFK,PHX,2024-07-18T22:00:00,2024-07-19T00:35:00
FL00124,RE972,AC1003,RegionalCo,MSP,MIA,2024-07-11T18:00:00,2024-07-11T23:07:00
FL00125,NO155,AC1016,NorthernJet,ORD,MIA,2024-09-02T20:00:00,2024-09-03T00:42:00
FL00126,SK492,AC1018,SkyWays,DEN,SEA,2024-08-29T04:00:00,2024-08-29T08:07:00
FL00127,RE657,AC1015,RegionalCo,ATL,MSP,2024-08-24T03:00:00,2024-08-24T07:37:00
FL00128,SK683,AC1010,SkyWays,SFO,JFK,2024-07-19T06:00:00,2024-07-19T11:07:00
FL00129,SK102,AC1002,SkyWays,DEN,ORD,2024-09-18T17:00:00,2024-09-18T22:08:00
FL00130,SK666,AC1014,SkyWays,MIA,ATL,2024-08-21T02:00:00,2024-08-21T04:46:00
FL00131,RE151,AC1011,RegionalCo,BOS,MSP,2024-09-03T01:00:00,2024-09-03T06:08:00
FL00132,NO826,AC1008,NorthernJet,MSP,ATL,2024-09-02T01:00:00,2024-09-02T03:15:00
FL00133,SK700,AC1002,SkyWays,PHX,JFK,2024-08-28T21:00:00,2024-08-28T22:40:00
FL00134,RE687,AC1015,RegionalCo,MSP,LAX,2024-08-02T05:00:00,2024-08-02T10:40:00
FL00135,SK308,AC1002,SkyWays,ORD,SEA,2024-07-10T02:00:00,2024-07-10T04:44:00
FL00136,RE111,AC1019,RegionalCo,MIA,MSP,2024-09-15T03:00:00,2024-09-15T05:50:00
FL00137,RE165,AC1003,RegionalCo,LAX,ATL,2024-07-03T02:00:00,2024-07-03T05:36:00
FL00138,NO750,AC1020,NorthernJet,LAX,DFW,2024-08-08T03:00:00,2024-08-08T04:40:00
FL00139,NO212,AC1012,NorthernJet,SFO,ORD,2024-08-11T09:00:00,2024-08-11T11:17:00
FL00140,NO360,AC1020,NorthernJet,SEA,ATL,2024-09-01T03:00:00,2024-09-01T06:21:00
FL00141,SK816,AC1010,SkyWays,DFW,PHX,2024-09-21T00:00:00,2024-09-21T01:42:00
FL00142,EX293,AC1005,ExampleAir,JFK,ORD,2024-09-04T06:00:00,2024-09-04T10:11:00
FL00143,SK733,AC1018,SkyWays,SFO,JFK,2024-07-22T19:00:00,2024-07-22T20:46:00
FL00144,RE471,AC1003,RegionalCo,BOS,JFK,2024-07-07T12:00:00,2024-07-07T13:31:00
FL00145,SK239,AC1018,SkyWays,DEN,PHX,2024-07-09T23:00:00,2024-07-10T02:49:00
FL00146,SK360,AC1006,SkyWays,PHX,BOS,2024-07-14T11:00:00,2024-07-14T14:22:00
FL00147,SK461,AC1018,SkyWays,MIA,PHX,2024-08-19T19:00:00,2024-08-20T00:20:00
FL00148,EX609,AC1009,ExampleAir,DEN,LAX,2024-09-15T06:00:00,2024-09-15T11:46:00
FL00149,EX716,AC1013,ExampleAir,MIA,SFO,2024-07-25T09:00:00,2024-07-25T12:59:00
FL00150,RE147,AC1007,RegionalCo,PHX,DEN,2024-08-01T11:00:00,2024-08-01T16:18:00
FL00151,SK442,AC1006,SkyWays,DFW,PHX,2024-07-18T15:00:00,2024-07-18T18:11:00
FL00152,RE225,AC1011,RegionalCo,PHX,MIA,2024-07-20T10:00:00,2024-07-20T13:52:00
FL00153,EX311,AC1017,ExampleAir,SFO,SEA,2024-08-04T06:00:00,2024-08-04T09:33:00
FL00154,SK933,AC1006,SkyWays,PHX,DFW,2024-07-16T19:00:00,2024-07-16T23:16:00
FL00155,EX208,AC1001,ExampleAir,DEN,JFK,2024-07-11T20:00:00,2024-07-12T00:41:00
FL00156,EX222,AC1009,ExampleAir,DFW,SFO,2024-09-05T17:00:00,2024-09-05T22:05:00
FL00157,NO391,AC1004,NorthernJet,ATL,SFO,2024-07-11T17:00:00,2024-07-11T20:59:00
FL00158,SK987,AC1014,SkyWays,LAX,DFW,2024-09-14T00:00:00,2024-09-14T05:38:00
FL00159,RE784,AC1011,RegionalCo,SEA,ORD,2024-07-24T02:00:00,2024-07-24T03:48:00
FL00160,EX463,AC1001,ExampleAir,SFO,PHX,2024-09-03T01:00:00,2024-09-03T04:23:00
FL00161,RE777,AC1011,RegionalCo,MSP,ORD,2024-09-26T15:00:00,2024-09-26T17:35:00
FL00162,RE668,AC1019,RegionalCo,MSP,LAX,2024-09-04T18:00:00,2024-09-04T21:13:00
FL00163,EX549,AC1001,ExampleAir,ATL,DFW,2024-09-06T06:00:00,2024-09-06T09:19:00
FL00164,SK691,AC1006,SkyWays,SFO,BOS,2024-09-16T08:00:00,2024-09-16T10:58:00
FL00165,NO629,AC1020,NorthernJet,ATL,SFO,2024-07-12T22:00:00,2024-07-13T00:19:00
FL00166,NO108,AC1016,NorthernJet,MIA,MSP,2024-08-24T20:00:00,2024-08-24T23:04:00
FL00167,SK248,AC1018,SkyWays,JFK,PHX,2024-07-18T22:00:00,2024-07-18T23:47:00
FL00168,NO371,AC1008,NorthernJet,LAX,BOS,2024-07-14T10:00:00,2024-07-14T15:42:00
FL00169,RE664,AC1003,RegionalCo,ORD,SFO,2024-08-24T14:00:00,2024-08-24T17:09:00
FL00170,RE283,AC1011,RegionalCo,PHX,MIA,2024-08-06T00:00:00,2024-08-06T02:24:00
FL00171,SK691,AC1014,SkyWays,MSP,JFK,2024-09-16T09:00:00,2024-09-16T12:55:00
FL00172,RE726,AC1003,RegionalCo,ORD,SEA,2024-08-16T17:00:00,2024-08-16T21:11:00
FL00173,RE549,AC1011,RegionalCo,LAX,SEA,2024-07-08T09:00:00,2024-07-08T14:31:00
FL00174,SK157,AC1006,SkyWays,MIA,SFO,2024-08-10T14:00:00,2024-08-10T17:41:00
FL00175,EX504,AC1001,ExampleAir,ORD,MSP,2024-08-15T19:00:00,2024-08-15T20:47:00
FL00176,EX437,AC1009,ExampleAir,DEN,MSP,2024-08-31T06:00:00,2024-08-31T08:26:00
FL00177,NO291,AC1012,NorthernJet,PHX,BOS,2024-07-14T05:00:00,2024-07-14T10:37:00
FL00178,NO321,AC1012,NorthernJet,BOS,SEA,2024-08-12T14:00:00,2024-08-12T17:13:00
FL00179,SK342,AC1006,SkyWays,ATL,MSP,2024-09-14T05:00:00,2024-09-14T07:35:00
FL00180,EX940,AC1017,ExampleAir,MSP,SEA,2024-08-15T03:00:00,2024-08-15T05:14:00
FL00181,SK342,AC1010,SkyWays,PHX,ORD,2024-07-21T21:00:00,2024-07-22T02:18:00
FL00182,RE149,AC1019,RegionalCo,LAX,DEN,2024-08-29T14:00:00,2024-08-29T19:06:00
FL00183,EX481,AC1005,ExampleAir,ORD,JFK,2024-09-07T13:00:00,2024-09-07T17:55:00
FL00184,EX528,AC1001,ExampleAir,ORD,SEA,2024-09-13T11:00:00,2024-09-13T13:43:00
FL00185,NO790,AC1012,NorthernJet,PHX,DFW,2024-08-29T07:00:00,2024-08-29T10:02:00
FL00186,NO946,AC1016,NorthernJet,PHX,MSP,2024-09-01T05:00:00,2024-09-01T08:58:00
FL00187,RE810,AC1019,RegionalCo,JFK,PHX,2024-08-18T10:00:00,2024-08-18T11:53:00
FL00188,EX400,AC1013,ExampleAir,MSP,SEA,2024-08-17T04:00:00,2024-08-17T08:06:00
FL00189,RE336,AC1003,RegionalCo,PHX,ORD,2024-08-02T08:00:00,2024-08-02T10:41:00
FL00190,RE732,AC1003,RegionalCo,BOS,DFW,2024-07-08T16:00:00,2024-07-08T20:06:00
FL00191,NO314,AC1020,NorthernJet,SFO,ORD,2024-07-05T16:00:00,2024-07-05T18:41:00
FL00192,RE616,AC1011,RegionalCo,SFO,ATL,2024-07-03T12:00:00,2024-07-03T17:52:00
FL00193,NO664,AC1012,NorthernJet,ORD,SFO,2024-09-08T02:00:00,2024-09-08T06:56:00
FL00194,SK825,AC1018,SkyWays,ORD,BOS,2024-09-01T15:00:00,2024-09-01T20:06:00
FL00195,RE691,AC1007,RegionalCo,ATL,ORD,2024-09-04T04:00:00,2024-09-04T06:33:00
FL00196,NO106,AC1016,NorthernJet,ORD,SEA,2024-07-17T11:00:00,2024-07-17T15:41:00
FL00197,EX674,AC1009,ExampleAir,MIA,ATL,2024-09-16T14:00:00,2024-09-16T17:23:00
FL00198,NO396,AC1020,NorthernJet,ORD,ATL,2024-08-01T23:00:00,2024-08-02T02:27:00
FL00199,EX745,AC1005,ExampleAir,LAX,ATL,2024-09-12T23:00:00,2024-09-13T03:29:00
FL00200,SK474,AC1014,SkyWays,PHX,DFW,2024-09-23T21:00:00,2024-09-24T01:02:00
FL00201,RE825,AC1015,RegionalCo,SFO,SEA,2024-09-22T06:00:00,2024-09-22T09:44:00
FL00202,EX333,AC1009,ExampleAir,DEN,DFW,2024-07-30T04:00:00,2024-07-30T09:34:00
FL00203,NO218,AC1012,NorthernJet,DEN,JFK,2024-09-07T07:00:00,2024-09-07T10:35:00
FL00204,EX171,AC1017,ExampleAir,MSP,ORD,2024-08-13T11:00:00,2024-08-13T16:35:00
FL00205,EX874,AC1005,ExampleAir,MIA,SEA,2024-09-08T12:00:00,2024-09-08T17:56:00
FL00206,NO211,AC1016,NorthernJet,ORD,BOS,2024-07-09T21:00:00,2024-07-10T00:34:00
FL00207,EX535,AC1013,ExampleAir,DFW,JFK,2024-07-20T23:00:00,2024-07-21T02:30:00
FL00208,NO644,AC1004,NorthernJet,MSP,LAX,2024-09-04T17:00:00,2024-09-04T21:11:00
FL00209,EX897,AC1001,ExampleAir,MSP,SEA,2024-07-11T00:00:00,2024-07-11T03:54:00
FL00210,NO212,AC1016,NorthernJet,JFK,SEA,2024-07-16T04:00:00,2024-07-16T08:40:00
FL00211,NO554,AC1004,NorthernJet,DEN,LAX,2024-09-19T01:00:00,2024-09-19T05:11:00
FL00212,NO137,AC1012,NorthernJet,MSP,ORD,2024-09-11T19:00:00,2024-09-11T22:37:00
FL00213,RE179,AC1003,RegionalCo,MIA,SEA,2024-07-31T00:00:00,2024-07-31T01:46:00
FL00214,NO500,AC1008,NorthernJet,DFW,JFK,2024-07-30T21:00:00,2024-07-31T01:30:00
FL00215,NO175,AC1008,NorthernJet,MSP,LAX,2024-08-20T19:00:00,2024-08-20T21:48:00
FL00216,SK156,AC1002,SkyWays,BOS,SFO,2024-09-17T15:00:00,2024-09-17T17:05:00
FL00217,EX463,AC1017,ExampleAir,MIA,PHX,2024-09-09T17:00:00,2024-09-09T19:39:00
FL00218,NO253,AC1004,NorthernJet,LAX,PHX,2024-09-22T20:00:00,2024-09-22T22:11:00
FL00219,NO563,AC1016,NorthernJet,MIA,ATL,2024-07-20T11:00:00,2024-07-20T16:25:00
FL00220,RE649,AC1019,RegionalCo,DEN,MSP,2024-09-23T04:00:00,2024-09-23T09:41:00
FL00221,RE610,AC1007,RegionalCo,MSP,JFK,2024-08-11T03:00:00,2024-08-11T08:27:00
FL00222,EX258,AC1013,ExampleAir,JFK,LAX,2024-08-02T11:00:00,2024-08-02T13:42:00
FL00223,RE144,AC1003,RegionalCo,SEA,ATL,2024-09-04T15:00:00,2024-09-04T16:53:00
FL00224,SK400,AC1018,SkyWays,BOS,DFW,2024-07-12T08:00:00,2024-07-12T09:41:00
FL00225,EX391,AC1017,ExampleAir,MSP,SFO,2024-07-07T00:00:00,2024-07-07T04:36:00
FL00226,NO341,AC1008,NorthernJet,DFW,DEN,2024-09-04T05:00:00,2024-09-04T09:07:00
FL00227,RE173,AC1015,RegionalCo,SFO,ATL,2024-08-31T11:00:00,2024-08-31T16:51:00
FL00228,NO920,AC1004,NorthernJet,ORD,SEA,2024-07-09T09:00:00,2024-07-09T12:09:00
FL00229,SK547,AC1018,SkyWays,MIA,JFK,2024-08-03T06:00:00,2024-08-03T10:51:00
FL00230,RE831,AC1007,RegionalCo,MSP,JFK,2024-08-26T06:00:00,2024-08-26T08:15:00
FL00231,RE398,AC1003,RegionalCo,DEN,PHX,2024-07-13T01:00:00,2024-07-13T06:57:00
FL00232,EX272,AC1017,ExampleAir,PHX,ORD,2024-07-11T15:00:00,2024-07-11T19:50:00
FL00233,EX761,AC1005,ExampleAir,MIA,SFO,2024-09-06T03:00:00,2024-09-06T08:28:00
FL00234,SK618,AC1006,SkyWays,ATL,ORD,2024-09-27T23:00:00,2024-09-28T00:41:00
FL00235,NO738,AC1016,NorthernJet,LAX,PHX,2024-08-12T00:00:00,2024-08-12T04:02:00
FL00236,NO643,AC1012,NorthernJet,MIA,DEN,2024-08-27T07:00:00,2024-08-27T12:13:00
FL00237,EX677,AC1017,ExampleAir,ORD,MIA,2024-09-19T19:00:00,2024-09-19T21:23:00
FL00238,RE756,AC1015,RegionalCo,MIA,ATL,2024-09-29T22:00:00,2024-09-29T23:38:00
FL00239,SK827,AC1014,SkyWays,JFK,SFO,2024-08-12T11:00:00,2024-08-12T14:04:00
FL00240,EX347,AC1009,ExampleAir,DEN,SEA,2024-09-18T18:00:00,2024-09-18T21:48:00
FL00241,SK364,AC1006,SkyWays,DFW,JFK,2024-07-08T01:00:00,2024-07-08T05:51:00
FL00242,SK606,AC1006,SkyWays,SFO,BOS,2024-09-17T04:00:00,2024-09-17T06:22:00
FL00243,EX598,AC1001,ExampleAir,MSP,DEN,2024-08-21T05:00:00,2024-08-21T07:50:00
FL00244,SK843,AC1018,SkyWays,DFW,ATL,2024-07-30T18:00:00,2024-07-30T20:15:00
FL00245,EX167,AC1017,ExampleAir,DFW,PHX,2024-07-10T23:00:00,2024-07-11T04:43:00
FL00246,SK901,AC1002,SkyWays,MIA,BOS,2024-09-14T19:00:00,2024-09-14T21:42:00
FL00247,SK598,AC1002,SkyWays,SFO,LAX,2024-09-13T04:00:00,2024-09-13T08:09:00
FL00248,SK337,AC1006,SkyWays,MSP,LAX,2024-09-18T00:00:00,2024-09-18T03:42:00
FL00249,SK368,AC1014,SkyWays,ATL,PHX,2024-07-21T10:00:00,2024-07-21T12:47:00
FL00250,NO568,AC1016,NorthernJet,SFO,SEA,2024-08-22T00:00:00,2024-08-22T04:38:00
FL00251,SK492,AC1002,SkyWays,MIA,SEA,2024-07-10T08:00:00,2024-07-10T12:27:00
FL00252,RE344,AC1019,RegionalCo,MSP,BOS,2024-09-26T02:00:00,2024-09-26T04:17:00
FL00253,RE930,AC1015,RegionalCo,DFW,ATL,2024-09-09T05:00:00,2024-09-09T10:50:00
FL00254,EX993,AC1005,ExampleAir,ORD,SEA,2024-07-24T08:00:00,2024-07-24T12:56:00
FL00255,RE168,AC1007,RegionalCo,BOS,PHX,2024-08-10T07:00:00,2024-08-10T11:29:00
FL00256,RE980,AC1019,RegionalCo,SEA,DFW,2024-08-13T14:00:00,2024-08-13T17:36:00
FL00257,NO789,AC1008,NorthernJet,ORD,ATL,2024-09-06T06:00:00,2024-09-06T07:45:00
FL00258,SK722,AC1006,SkyWays,SFO,BOS,2024-09-05T19:00:00,2024-09-05T22:08:00
FL00259,EX406,AC1009,ExampleAir,DFW,LAX,2024-09-11T12:00:00,2024-09-11T16:57:00
FL00260,RE649,AC1019,RegionalCo,LAX,MIA,2024-08-10T16:00:00,2024-08-10T19:27:00
FL00261,RE214,AC1019,RegionalCo,PHX,ORD,2024-07-06T07:00:00,2024-07-06T12:35:00
FL00262,SK892,AC1002,SkyWays,BOS,MSP,2024-09-24T20:00:00,2024-09-25T00:10:00
FL00263,NO419,AC1012,NorthernJet,SEA,PHX,2024-07-06T12:00:00,2024-07-06T17:04:00
FL00264,SK322,AC1006,SkyWays,SEA,JFK,2024-09-16T18:00:00,2024-09-16T23:02:00
FL00265,NO705,AC1016,NorthernJet,BOS,MSP,2024-09-22T17:00:00,2024-09-22T18:30:00
FL00266,RE103,AC1003,RegionalCo,MIA,MSP,2024-09-26T06:00:00,2024-09-26T07:52:00
FL00267,RE706,AC1011,RegionalCo,SEA,DEN,2024-09-21T00:00:00,2024-09-21T04:18:00
FL00268,RE118,AC1003,RegionalCo,DEN,BOS,2024-08-21T18:00:00,2024-08-21T22:14:00
FL00269,EX237,AC1001,ExampleAir,BOS,SEA,2024-07-06T19:00:00,2024-07-06T21:36:00
FL00270,EX878,AC1009,ExampleAir,MIA,ORD,2024-09-20T17:00:00,2024-09-20T21:46:00
FL00271,NO633,AC1020,NorthernJet,MIA,JFK,2024-09-23T13:00:00,2024-09-23T17:22:00
FL00272,NO961,AC1020,NorthernJet,DFW,MIA,2024-07-13T11:00:00,2024-07-13T14:25:00
FL00273,NO831,AC1004,NorthernJet,SEA,BOS,2024-09-10T17:00:00,2024-09-10T18:39:00
FL00274,RE690,AC1011,RegionalCo,ORD,PHX,2024-07-22T22:00:00,2024-07-23T01:00:00
FL00275,SK541,AC1002,SkyWays,ORD,MIA,2024-09-10T14:00:00,2024-09-10T16:46:00
FL00276,RE223,AC1019,RegionalCo,JFK,DEN,2024-08-22T02:00:00,2024-08-22T05:21:00
FL00277,RE593,AC1015,RegionalCo,JFK,ATL,2024-07-10T06:00:00,2024-07-10T11:45:00
FL00278,EX693,AC1017,ExampleAir,SEA,JFK,2024-08-14T12:00:00,2024-08-14T17:07:00
FL00279,NO822,AC1004,NorthernJet,ORD,DFW,2024-08-23T06:00:00,2024-08-23T08:45:00
FL00280,RE803,AC1003,RegionalCo,JFK,ATL,2024-07-10T09:00:00,2024-07-10T12:16:00
FL00281,EX929,AC1009,ExampleAir,PHX,DFW,2024-07-29T07:00:00,2024-07-29T12:03:00
FL00282,RE756,AC1019,RegionalCo,LAX,ATL,2024-08-12T23:00:00,2024-08-13T04:48:00
FL00283,NO586,AC1016,NorthernJet,DFW,LAX,2024-07-04T11:00:00,2024-07-04T14:37:00
FL00284,RE215,AC1019,RegionalCo,BOS,DFW,2024-08-11T07:00:00,2024-08-11T11:07:00
FL00285,EX605,AC1001,ExampleAir,DFW,MIA,2024-08-30T23:00:00,2024-08-31T01:02:00
FL00286,EX612,AC1009,ExampleAir,ATL,MIA,2024-09-07T22:00:00,2024-09-08T00:06:00
FL00287,RE107,AC1003,RegionalCo,DEN,JFK,2024-07-31T20:00:00,2024-07-31T23:35:00
FL00288,NO304,AC1008,NorthernJet,SEA,DFW,2024-09-08T01:00:00,2024-09-08T03:31:00
FL00289,SK764,AC1006,SkyWays,SFO,PHX,2024-09-28T13:00:00,2024-09-28T18:37:00
FL00290,NO495,AC1012,NorthernJet,BOS,PHX,2024-09-21T06:00:00,2024-09-21T09:52:00
FL00291,NO672,AC1016,NorthernJet,BOS,PHX,2024-08-07T02:00:00,2024-08-07T06:32:00
FL00292,SK935,AC1018,SkyWays,ATL,LAX,2024-09-03T13:00:00,2024-09-03T17:50:00
FL00293,RE496,AC1007,RegionalCo,SEA,DFW,2024-08-21T02:00:00,2024-08-21T07:04:00
FL00294,RE419,AC1019,RegionalCo,ATL,JFK,2024-07-13T07:00:00,2024-07-13T10:02:00
FL00295,RE915,AC1007,RegionalCo,ORD,DFW,2024-07-03T21:00:00,2024-07-04T01:47:00
FL00296,SK137,AC1018,SkyWays,MSP,MIA,2024-09-07T02:00:00,2024-09-07T06:30:00
FL00297,EX791,AC1009,ExampleAir,ORD,LAX,2024-07-24T04:00:00,2024-07-24T06:18:00
FL00298,SK588,AC1014,SkyWays,LAX,BOS,2024-08-31T12:00:00,2024-08-31T16:11:00
FL00299,SK666,AC1006,SkyWays,JFK,MIA,2024-08-24T04:00:00,2024-08-24T09:24:00
FL00300,EX608,AC1001,ExampleAir,SEA,PHX,2024-07-18T19:00:00,2024-07-18T23:48:00
FL00301,EX840,AC1009,ExampleAir,DEN,SEA,2024-09-06T22:00:00,2024-09-07T00:35:00
FL00302,EX260,AC1009,ExampleAir,ORD,MIA,2024-08-14T09:00:00,2024-08-14T11:36:00
FL00303,EX170,AC1001,ExampleAir,LAX,DEN,2024-08-26T15:00:00,2024-08-26T20:08:00
FL00304,RE470,AC1003,RegionalCo,DEN,MIA,2024-07-03T01:00:00,2024-07-03T02:58:00
FL00305,EX633,AC1001,ExampleAir,BOS,SEA,2024-08-26T14:00:00,2024-08-26T18:45:00
FL00306,RE570,AC1007,RegionalCo,ATL,SEA,2024-08-17T16:00:00,2024-08-17T19:48:00
FL00307,NO659,AC1012,NorthernJet,MIA,PHX,2024-09-06T22:00:00,2024-09-07T02:38:00
FL00308,EX227,AC1009,ExampleAir,SFO,LAX,2024-09-25T02:00:00,2024-09-25T04:04:00
FL00309,NO475,AC1020,NorthernJet,BOS,JFK,2024-07-09T04:00:00,2024-07-09T07:23:00
FL00310,NO142,AC1020,NorthernJet,MSP,ATL,2024-08-24T16:00:00,2024-08-24T19:01:00
FL00311,EX603,AC1017,ExampleAir,ORD,BOS,2024-08-16T02:00:00,2024-08-16T06:38:00
FL00312,NO317,AC1016,NorthernJet,JFK,PHX,2024-07-20T01:00:00,2024-07-20T04:15:00
FL00313,NO599,AC1016,NorthernJet,LAX,PHX,2024-08-07T05:00:00,2024-08-07T10:59:00
FL00314,RE370,AC1011,RegionalCo,SEA,LAX,2024-07-14T09:00:00,2024-07-14T13:11:00
FL00315,NO504,AC1020,NorthernJet,MIA,JFK,2024-09-11T06:00:00,2024-09-11T08:09:00
FL00316,SK470,AC1006,SkyWays,BOS,MIA,2024-09-26T10:00:00,2024-09-26T13:24:00
FL00317,SK376,AC1018,SkyWays,PHX,ORD,2024-07-02T18:00:00,2024-07-02T21:48:00
FL00318,NO299,AC1004,NorthernJet,DEN,SFO,2024-07-29T00:00:00,2024-07-29T04:42:00
FL00319,NO424,AC1004,NorthernJet,MIA,LAX,2024-07-16T23:00:00,2024-07-17T03:00:00
FL00320,SK970,AC1018,SkyWays,MIA,JFK,2024-08-05T13:00:00,2024-08-05T15:44:00
FL00321,EX955,AC1001,ExampleAir,DEN,ORD,2024-09-21T19:00:00,2024-09-21T23:10:00
FL00322,NO225,AC1008,NorthernJet,ATL,MIA,2024-08-28T06:00:00,2024-08-28T07:30:00
FL00323,EX146,AC1009,ExampleAir,SFO,JFK,2024-08-10T15:00:00,2024-08-10T20:39:00
FL00324,SK318,AC1006,SkyWays,DEN,JFK,2024-08-15T10:00:00,2024-08-15T15:20:00
FL00325,NO171,AC1016,NorthernJet,JFK,DFW,2024-07-03T04:00:00,2024-07-03T06:24:00
FL00326,EX676,AC1001,ExampleAir,BOS,SFO,2024-09-28T15:00:00,2024-09-28T20:26:00
FL00327,RE271,AC1019,RegionalCo,SEA,MIA,2024-09-23T23:00:00,2024-09-24T03:00:00
FL00328,SK766,AC1014,SkyWays,ORD,PHX,2024-09-24T20:00:00,2024-09-24T23:32:00
FL00329,NO473,AC1016,NorthernJet,MIA,DFW,2024-07-24T05:00:00,2024-07-24T09:09:00
FL00330,RE917,AC1015,RegionalCo,BOS,ATL,2024-07-19T08:00:00,2024-07-19T10:06:00
FL00331,SK511,AC1014,SkyWays,PHX,ATL,2024-09-25T02:00:00,2024-09-25T04:45:00
FL00332,RE131,AC1011,RegionalCo,BOS,JFK,2024-08-05T20:00:00,2024-08-05T22:25:00
FL00333,SK247,AC1018,SkyWays,LAX,DEN,2024-08-15T04:00:00,2024-08-15T09:03:00
FL00334,NO942,AC1020,NorthernJet,LAX,SEA,2024-08-14T18:00:00,2024-08-14T23:28:00
FL00335,SK834,AC1006,SkyWays,ATL,MSP,2024-08-19T17:00:00,2024-08-19T22:13:00
FL00336,RE684,AC1007,RegionalCo,SFO,ATL,2024-09-11T02:00:00,2024-09-11T03:49:00
FL00337,EX168,AC1013,ExampleAir,JFK,DEN,2024-08-24T18:00:00,2024-08-24T22:35:00
FL00338,EX843,AC1013,ExampleAir,MIA,DEN,2024-08-16T11:00:00,2024-08-16T12:53:00
FL00339,SK339,AC1018,SkyWays,MIA,MSP,2024-08-23T00:00:00,2024-08-23T03:17:00
FL00340,SK224,AC1002,SkyWays,ATL,LAX,2024-09-08T08:00:00,2024-09-08T13:24:00
FL00341,NO782,AC1008,NorthernJet,DFW,BOS,2024-09-08T22:00:00,2024-09-09T00:59:00
FL00342,SK688,AC1006,SkyWays,SEA,ORD,2024-07-18T06:00:00,2024-07-18T11:37:00
FL00343,NO409,AC1004,NorthernJet,JFK,SEA,2024-07-20T03:00:00,2024-07-20T06:08:00
FL00344,SK383,AC1014,SkyWays,SEA,ORD,2024-07-10T10:00:00,2024-07-10T15:13:00
FL00345,RE879,AC1007,RegionalCo,DFW,LAX,2024-09-29T22:00:00,2024-09-29T23:33:00
FL00346,EX309,AC1001,ExampleAir,ATL,ORD,2024-07-08T02:00:00,2024-07-08T05:13:00
FL00347,RE196,AC1019,RegionalCo,JFK,LAX,2024-08-20T07:00:00,2024-08-20T12:36:00
FL00348,NO558,AC1016,NorthernJet,LAX,JFK,2024-09-21T00:00:00,2024-09-21T05:04:00
FL00349,RE130,AC1015,RegionalCo,MSP,PHX,2024-09-12T00:00:00,2024-09-12T04:29:00
FL00350,EX864,AC1001,ExampleAir,ATL,DFW,2024-08-07T17:00:00,2024-08-07T22:34:00
FL00351,NO677,AC1008,NorthernJet,DEN,ATL,2024-08-06T17:00:00,2024-08-06T19:46:00
FL00352,NO240,AC1004,NorthernJet,PHX,LAX,2024-09-08T17:00:00,2024-09-08T20:16:00
FL00353,NO350,AC1012,NorthernJet,ATL,DFW,2024-09-22T04:00:00,2024-09-22T05:38:00
FL00354,SK746,AC1014,SkyWays,BOS,LAX,2024-07-09T03:00:00,2024-07-09T07:17:00
FL00355,SK268,AC1018,SkyWays,JFK,PHX,2024-08-25T13:00:00,2024-08-25T15:37:00
FL00356,RE465,AC1007,RegionalCo,BOS,ATL,2024-08-02T20:00:00,2024-08-02T22:48:00
FL00357,EX732,AC1013,ExampleAir,SEA,DEN,2024-09-29T12:00:00,2024-09-29T14:15:00
FL00358,EX484,AC1009,ExampleAir,LAX,BOS,2024-08-03T10:00:00,2024-08-03T15:22:00
FL00359,SK843,AC1014,SkyWays,ORD,LAX,2024-08-27T01:00:00,2024-08-27T05:48:00
FL00360,RE254,AC1007,RegionalCo,LAX,SFO,2024-07-31T14:00:00,2024-07-31T18:21:00
FL00361,RE783,AC1015,RegionalCo,DFW,BOS,2024-08-14T10:00:00,2024-08-14T15:45:00
FL00362,RE667,AC1007,RegionalCo,ORD,LAX,2024-07-13T16:00:00,2024-07-13T21:22:00
FL00363,SK229,AC1014,SkyWays,DFW,ATL,2024-09-13T14:00:00,2024-09-13T19:06:00
FL00364,EX483,AC1013,ExampleAir,LAX,ORD,2024-09-12T22:00:00,2024-09-13T03:19:00
FL00365,RE746,AC1019,RegionalCo,SEA,DFW,2024-09-24T11:00:00,2024-09-24T12:44:00
FL00366,NO629,AC1008,NorthernJet,DFW,PHX,2024-09-13T20:00:00,2024-09-13T23:37:00
FL00367,SK334,AC1010,SkyWays,PHX,ATL,2024-09-29T09:00:00,2024-09-29T13:14:00
FL00368,SK915,AC1010,SkyWays,PHX,BOS,2024-08-28T13:00:00,2024-08-28T16:37:00
FL00369,NO293,AC1020,NorthernJet,SFO,DFW,2024-07-25T02:00:00,2024-07-25T06:45:00
FL00370,RE260,AC1019,RegionalCo,BOS,MIA,2024-09-10T08:00:00,2024-09-10T12:11:00
FL00371,NO170,AC1016,NorthernJet,LAX,MSP,2024-09-13T12:00:00,2024-09-13T16:45:00
FL00372,SK496,AC1006,SkyWays,DEN,DFW,2024-07-22T20:00:00,2024-07-22T23:00:00
FL00373,NO745,AC1012,NorthernJet,PHX,MIA,2024-08-28T08:00:00,2024-08-28T09:45:00
FL00374,RE459,AC1003,RegionalCo,DEN,BOS,2024-08-28T20:00:00,2024-08-29T00:44:00
FL00375,EX307,AC1009,ExampleAir,DEN,SEA,2024-08-18T06:00:00,2024-08-18T09:03:00
FL00376,RE978,AC1007,RegionalCo,DFW,ATL,2024-07-24T20:00:00,2024-07-25T00:01:00
FL00377,RE697,AC1011,RegionalCo,ORD,SEA,2024-09-18T11:00:00,2024-09-18T14:18:00
FL00378,NO818,AC1012,NorthernJet,JFK,MSP,2024-07-02T02:00:00,2024-07-02T07:17:00
FL00379,SK434,AC1002,SkyWays,DFW,PHX,2024-07-10T07:00:00,2024-07-10T10:20:00
FL00380,SK574,AC1010,SkyWays,SEA,SFO,2024-08-21T05:00:00,2024-08-21T07:55:00
FL00381,EX300,AC1009,ExampleAir,MIA,MSP,2024-07-28T10:00:00,2024-07-28T14:00:00
FL00382,SK238,AC1006,SkyWays,ATL,DEN,2024-08-13T06:00:00,2024-08-13T09:30:00
FL00383,RE447,AC1019,RegionalCo,ORD,SFO,2024-09-06T11:00:00,2024-09-06T16:01:00
FL00384,RE117,AC1007,RegionalCo,PHX,SFO,2024-08-01T00:00:00,2024-08-01T03:43:00
FL00385,NO896,AC1012,NorthernJet,MIA,SFO,2024-07-18T03:00:00,2024-07-18T06:25:00
FL00386,NO247,AC1008,NorthernJet,LAX,SEA,2024-09-14T08:00:00,2024-09-14T12:17:00
FL00387,RE859,AC1011,RegionalCo,DFW,ATL,2024-08-26T03:00:00,2024-08-26T04:35:00
FL00388,RE586,AC1019,RegionalCo,PHX,MIA,2024-08-08T12:00:00,2024-08-08T14:10:00
FL00389,SK888,AC1006,SkyWays,SEA,MIA,2024-09-19T01:00:00,2024-09-19T02:35:00
FL00390,RE316,AC1019,RegionalCo,PHX,MIA,2024-09-05T12:00:00,2024-09-05T15:32:00
FL00391,EX922,AC1001,ExampleAir,MSP,DEN,2024-07-06T04:00:00,2024-07-06T09:38:00
FL00392,NO536,AC1008,NorthernJet,SEA,DFW,2024-08-10T13:00:00,2024-08-10T18:27:00
FL00393,EX644,AC1017,ExampleAir,ORD,SEA,2024-09-16T17:00:00,2024-09-16T22:15:00
FL00394,NO868,AC1020,NorthernJet,DEN,DFW,2024-07-27T11:00:00,2024-07-27T12:42:00
FL00395,RE943,AC1015,RegionalCo,ORD,JFK,2024-07-05T08:00:00,2024-07-05T12:45:00
FL00396,RE813,AC1011,RegionalCo,PHX,ATL,2024-09-22T09:00:00,2024-09-22T11:15:00
FL00397,NO414,AC1004,NorthernJet,JFK,MIA,2024-07-10T06:00:00,2024-07-10T09:16:00
FL00398,NO607,AC1008,NorthernJet,ORD,BOS,2024-07-08T07:00:00,2024-07-08T09:03:00
FL00399,RE488,AC1003,RegionalCo,MSP,JFK,2024-09-23T03:00:00,2024-09-23T06:46:00
FL00400,EX363,AC1005,ExampleAir,PHX,MSP,2024-07-23T02:00:00,2024-07-23T03:45:00
FL00401,SK340,AC1014,SkyWays,ORD,DEN,2024-09-04T03:00:00,2024-09-04T05:37:00
FL00402,SK682,AC1002,SkyWays,LAX,DEN,2024-09-18T20:00:00,2024-09-18T23:50:00
FL00403,EX707,AC1005,ExampleAir,SEA,MSP,2024-08-26T00:00:00,2024-08-26T03:33:00
FL00404,NO363,AC1004,NorthernJet,ATL,JFK,2024-07-12T09:00:00,2024-07-12T12:34:00
FL00405,RE963,AC1019,RegionalCo,SEA,LAX,2024-08-31T01:00:00,2024-08-31T03:45:00
FL00406,NO246,AC1016,NorthernJet,SFO,BOS,2024-09-07T23:00:00,2024-09-08T04:55:00
FL00407,SK320,AC1018,SkyWays,DEN,PHX,2024-09-03T08:00:00,2024-09-03T09:34:00
FL00408,EX239,AC1017,ExampleAir,ORD,SEA,2024-08-15T10:00:00,2024-08-15T14:21:00
FL00409,SK956,AC1006,SkyWays,MIA,DFW,2024-09-27T20:00:00,2024-09-28T00:25:00
FL00410,NO353,AC1008,NorthernJet,MSP,ATL,2024-08-09T23:00:00,2024-08-10T04:08:00
FL00411,RE855,AC1019,RegionalCo,ORD,SEA,2024-07-18T06:00:00,2024-07-18T10:36:00
FL00412,NO593,AC1016,NorthernJet,MSP,DFW,2024-09-13T00:00:00,2024-09-13T02:34:00
FL00413,EX931,AC1001,ExampleAir,MIA,JFK,2024-09-01T21:00:00,2024-09-02T01:57:00
FL00414,NO651,AC1016,NorthernJet,DFW,LAX,2024-08-13T16:00:00,2024-08-13T21:55:00
FL00415,SK255,AC1006,SkyWays,BOS,DFW,2024-07-14T18:00:00,2024-07-14T21:32:00
FL00416,SK113,AC1006,SkyWays,PHX,MSP,2024-07-24T14:00:00,2024-07-24T18:32:00
FL00417,EX852,AC1009,ExampleAir,SEA,DFW,2024-09-15T14:00:00,2024-09-15T19:13:00
FL00418,SK121,AC1010,SkyWays,MIA,SEA,2024-08-24T14:00:00,2024-08-24T19:01:00
FL00419,EX741,AC1009,ExampleAir,SEA,JFK,2024-07-26T19:00:00,2024-07-26T21:41:00
FL00420,EX139,AC1017,ExampleAir,BOS,ATL,2024-09-04T13:00:00,2024-09-04T17:30:00
FL00421,EX158,AC1013,ExampleAir,DFW,BOS,2024-09-01T20:00:00,2024-09-01T23:59:00
FL00422,NO143,AC1008,NorthernJet,DFW,SEA,2024-08-20T11:00:00,2024-08-20T12:39:00
FL00423,SK299,AC1010,SkyWays,DFW,PHX,2024-08-28T20:00:00,2024-08-28T21:51:00
FL00424,EX752,AC1017,ExampleAir,ATL,SEA,2024-09-14T00:00:00,2024-09-14T02:05:00
FL00425,EX723,AC1001,ExampleAir,DFW,SFO,2024-07-19T15:00:00,2024-07-19T16:47:00
FL00426,EX285,AC1013,ExampleAir,PHX,SFO,2024-09-19T07:00:00,2024-09-19T09:48:00
FL00427,NO229,AC1016,NorthernJet,SEA,PHX,2024-07-28T16:00:00,2024-07-28T19:17:00
FL00428,NO927,AC1008,NorthernJet,DEN,BOS,2024-08-20T08:00:00,2024-08-20T10:59:00
FL00429,EX190,AC1017,ExampleAir,PHX,ORD,2024-08-04T11:00:00,2024-08-04T13:40:00
FL00430,RE387,AC1019,RegionalCo,ATL,MIA,2024-08-09T03:00:00,2024-08-09T05:39:00
FL00431,EX721,AC1017,ExampleAir,DEN,JFK,2024-07-27T23:00:00,2024-07-28T04:30:00
FL00432,RE449,AC1019,RegionalCo,SFO,JFK,2024-07-18T07:00:00,2024-07-18T12:11:00
FL00433,NO922,AC1016,NorthernJet,PHX,SEA,2024-09-06T13:00:00,2024-09-06T17:26:00
FL00434,NO299,AC1020,NorthernJet,MSP,DEN,2024-07-14T05:00:00,2024-07-14T10:38:00
FL00435,NO306,AC1020,NorthernJet,PHX,ORD,2024-09-26T17:00:00,2024-09-26T21:44:00
FL00436,NO302,AC1012,NorthernJet,DFW,BOS,2024-09-02T06:00:00,2024-09-02T08:45:00
FL00437,NO112,AC1008,NorthernJet,DFW,ORD,2024-07-04T06:00:00,2024-07-04T08:17:00
FL00438,NO538,AC1016,NorthernJet,PHX,MSP,2024-08-18T20:00:00,2024-08-18T23:56:00
FL00439,SK290,AC1018,SkyWays,JFK,ATL,2024-08-05T01:00:00,2024-08-05T02:30:00
FL00440,NO882,AC1012,NorthernJet,PHX,SEA,2024-07-08T23:00:00,2024-07-09T04:12:00
FL00441,SK618,AC1018,SkyWays,JFK,ORD,2024-09-26T18:00:00,2024-09-26T22:14:00
FL00442,NO658,AC1020,NorthernJet,PHX,SFO,2024-07-18T11:00:00,2024-07-18T12:54:00
FL00443,NO382,AC1020,NorthernJet,JFK,SEA,2024-07-07T00:00:00,2024-07-07T03:06:00
FL00444,NO811,AC1012,NorthernJet,BOS,DFW,2024-08-12T10:00:00,2024-08-12T13:48:00
FL00445,NO456,AC1020,NorthernJet,MSP,ORD,2024-08-01T01:00:00,2024-08-01T02:44:00
FL00446,RE763,AC1003,RegionalCo,DEN,ATL,2024-08-23T04:00:00,2024-08-23T09:23:00
FL00447,EX424,AC1013,ExampleAir,PHX,ORD,2024-09-10T10:00:00,2024-09-10T15:29:00
FL00448,SK989,AC1002,SkyWays,MIA,ORD,2024-07-18T12:00:00,2024-07-18T15:00:00
FL00449,EX951,AC1013,ExampleAir,SFO,DEN,2024-09-06T08:00:00,2024-09-06T11:02:00
FL00450,SK425,AC1002,SkyWays,ATL,MIA,2024-07-08T07:00:00,2024-07-08T10:06:00
FL00451,RE368,AC1007,RegionalCo,BOS,JFK,2024-08-03T16:00:00,2024-08-03T21:19:00
FL00452,EX588,AC1009,ExampleAir,ATL,MIA,2024-07-17T13:00:00,2024-07-17T16:19:00
FL00453,SK725,AC1006,SkyWays,PHX,LAX,2024-07-18T23:00:00,2024-07-19T04:25:00
FL00454,EX686,AC1017,ExampleAir,ORD,BOS,2024-07-12T14:00:00,2024-07-12T18:25:00
FL00455,SK477,AC1002,SkyWays,MSP,MIA,2024-07-15T02:00:00,2024-07-15T04:17:00
FL00456,SK340,AC1014,SkyWays,MSP,LAX,2024-08-13T01:00:00,2024-08-13T04:14:00
FL00457,NO772,AC1012,NorthernJet,PHX,MSP,2024-09-27T12:00:00,2024-09-27T17:41:00
FL00458,NO394,AC1008,NorthernJet,LAX,MIA,2024-07-09T13:00:00,2024-07-09T16:14:00
FL00459,EX280,AC1009,ExampleAir,DFW,MSP,2024-08-11T05:00:00,2024-08-11T07:04:00
FL00460,SK259,AC1006,SkyWays,LAX,ATL,2024-09-22T13:00:00,2024-09-22T17:35:00
FL00461,RE582,AC1011,RegionalCo,JFK,LAX,2024-08-26T21:00:00,2024-08-27T02:47:00
FL00462,RE211,AC1019,RegionalCo,LAX,BOS,2024-09-10T03:00:00,2024-09-10T06:30:00
FL00463,NO725,AC1020,NorthernJet,MSP,MIA,2024-08-01T21:00:00,2024-08-02T00:32:00
FL00464,RE757,AC1011,RegionalCo,PHX,ORD,2024-09-21T16:00:00,2024-09-21T20:59:00
FL00465,RE553,AC1019,RegionalCo,SEA,DEN,2024-08-16T03:00:00,2024-08-16T08:03:00
FL00466,SK943,AC1014,SkyWays,SFO,ATL,2024-07-03T07:00:00,2024-07-03T10:43:00
FL00467,RE120,AC1007,RegionalCo,SEA,DFW,2024-07-25T19:00:00,2024-07-25T23:51:00
FL00468,SK737,AC1010,SkyWays,ORD,DFW,2024-08-27T09:00:00,2024-08-27T10:56:00
FL00469,EX119,AC1017,ExampleAir,SEA,BOS,2024-07-24T10:00:00,2024-07-24T15:38:00
FL00470,NO552,AC1012,NorthernJet,DFW,ATL,2024-07-16T17:00:00,2024-07-16T21:40:00
FL00471,SK691,AC1002,SkyWays,DFW,SFO,2024-09-22T17:00:00,2024-09-22T18:52:00
FL00472,RE552,AC1007,RegionalCo,SEA,MIA,2024-09-20T12:00:00,2024-09-20T15:28:00
FL00473,RE996,AC1011,RegionalCo,SEA,BOS,2024-08-28T08:00:00,2024-08-28T10:44:00
FL00474,EX476,AC1001,ExampleAir,BOS,ATL,2024-08-31T22:00:00,2024-09-01T00:28:00
FL00475,EX219,AC1009,ExampleAir,ORD,ATL,2024-09-11T20:00:00,2024-09-11T23:58:00
FL00476,NO922,AC1016,NorthernJet,MSP,DFW,2024-08-02T10:00:00,2024-08-02T15:20:00
FL00477,SK605,AC1014,SkyWays,JFK,ORD,2024-08-18T18:00:00,2024-08-18T23:08:00
FL00478,RE636,AC1007,RegionalCo,ORD,SEA,2024-09-17T18:00:00,2024-09-17T23:35:00
FL00479,EX947,AC1013,ExampleAir,ATL,MIA,2024-09-20T18:00:00,2024-09-20T19:50:00
FL00480,EX868,AC1005,ExampleAir,PHX,LAX,2024-08-28T09:00:00,2024-08-28T11:14:00
FL00481,SK479,AC1014,SkyWays,JFK,SEA,2024-08-01T21:00:00,2024-08-02T00:28:00
FL00482,EX334,AC1013,ExampleAir,DEN,DFW,2024-07-16T03:00:00,2024-07-16T07:59:00
FL00483,NO744,AC1004,NorthernJet,MSP,SFO,2024-07-07T06:00:00,2024-07-07T08:15:00
FL00484,SK739,AC1006,SkyWays,DEN,PHX,2024-09-06T19:00:00,2024-09-07T00:39:00
FL00485,SK883,AC1018,SkyWays,DFW,DEN,2024-08-31T23:00:00,2024-09-01T04:31:00
FL00486,EX421,AC1017,ExampleAir,DFW,DEN,2024-09-10T23:00:00,2024-09-11T02:38:00
FL00487,RE296,AC1015,RegionalCo,DFW,JFK,2024-08-01T17:00:00,2024-08-01T21:20:00
FL00488,SK407,AC1018,SkyWays,PHX,SEA,2024-08-26T08:00:00,2024-08-26T12:32:00
FL00489,RE453,AC1011,RegionalCo,DFW,MIA,2024-08-01T23:00:00,2024-08-02T02:02:00
FL00490,RE103,AC1011,RegionalCo,MIA,ORD,2024-08-09T13:00:00,2024-08-09T16:29:00
FL00491,RE120,AC1015,RegionalCo,DEN,ATL,2024-07-20T20:00:00,2024-07-20T23:57:00
FL00492,SK659,AC1014,SkyWays,PHX,SEA,2024-08-10T06:00:00,2024-08-10T07:30:00
FL00493,NO812,AC1016,NorthernJet,SFO,JFK,2024-09-18T16:00:00,2024-09-18T20:03:00
FL00494,SK105,AC1002,SkyWays,ORD,MIA,2024-08-18T05:00:00,2024-08-18T06:53:00
FL00495,EX705,AC1013,ExampleAir,ATL,MSP,2024-08-29T19:00:00,2024-08-29T22:35:00
FL00496,EX530,AC1009,ExampleAir,SEA,LAX,2024-09-23T07:00:00,2024-09-23T08:38:00
FL00497,SK295,AC1010,SkyWays,MIA,DEN,2024-09-29T10:00:00,2024-09-29T14:10:00
FL00498,SK765,AC1014,SkyWays,JFK,DFW,2024-09-18T11:00:00,2024-09-18T15:50:00
FL00499,SK620,AC1018,SkyWays,LAX,ORD,2024-09-17T18:00:00,2024-09-17T21:19:00
FL00500,SK250,AC1010,SkyWays,LAX,MSP,2024-09-26T23:00:00,2024-09-27T01:58:00
FL00501,SK873,AC1014,SkyWays,DFW,PHX,2024-08-28T00:00:00,2024-08-28T02:55:00
FL00502,RE964,AC1015,RegionalCo,MSP,JFK,2024-08-04T19:00:00,2024-08-05T00:25:00
FL00503,EX217,AC1017,ExampleAir,DEN,ATL,2024-09-29T06:00:00,2024-09-29T10:52:00
FL00504,EX116,AC1001,ExampleAir,SFO,DFW,2024-08-26T06:00:00,2024-08-26T10:42:00
FL00505,SK888,AC1002,SkyWays,PHX,DFW,2024-09-19T00:00:00,2024-09-19T03:57:00
FL00506,SK408,AC1006,SkyWays,MIA,JFK,2024-07-12T07:00:00,2024-07-12T08:47:00
FL00507,SK893,AC1014,SkyWays,SEA,ATL,2024-08-19T20:00:00,2024-08-20T01:29:00
FL00508,EX596,AC1001,ExampleAir,SFO,ORD,2024-09-18T12:00:00,2024-09-18T14:53:00
FL00509,SK535,AC1002,SkyWays,BOS,ATL,2024-08-16T17:00:00,2024-08-16T22:04:00
FL00510,EX446,AC1017,ExampleAir,BOS,MSP,2024-08-11T23:00:00,2024-08-12T04:55:00
FL00511,EX624,AC1001,ExampleAir,SFO,DFW,2024-08-26T05:00:00,2024-08-26T10:41:00
FL00512,EX134,AC1017,ExampleAir,SFO,ATL,2024-08-02T18:00:00,2024-08-02T20:37:00
FL00513,NO623,AC1016,NorthernJet,DFW,MIA,2024-08-25T05:00:00,2024-08-25T06:47:00
FL00514,SK244,AC1018,SkyWays,ORD,ATL,2024-09-01T21:00:00,2024-09-02T01:56:00
FL00515,EX178,AC1005,ExampleAir,JFK,LAX,2024-08-26T16:00:00,2024-08-26T19:08:00
FL00516,RE210,AC1015,RegionalCo,BOS,ORD,2024-07-25T09:00:00,2024-07-25T12:37:00
FL00517,NO658,AC1008,NorthernJet,BOS,PHX,2024-07-17T08:00:00,2024-07-17T10:12:00
FL00518,EX652,AC1017,ExampleAir,JFK,SFO,2024-08-02T13:00:00,2024-08-02T18:15:00
FL00519,SK765,AC1002,SkyWays,PHX,MIA,2024-08-26T12:00:00,2024-08-26T15:14:00
FL00520,NO608,AC1008,NorthernJet,JFK,DFW,2024-09-17T14:00:00,2024-09-17T17:38:00
FL00521,NO992,AC1012,NorthernJet,MIA,SEA,2024-08-25T17:00:00,2024-08-25T20:55:00
FL00522,RE501,AC1011,RegionalCo,JFK,LAX,2024-09-06T14:00:00,2024-09-06T19:19:00
FL00523,RE378,AC1011,RegionalCo,DEN,ORD,2024-09-01T20:00:00,2024-09-01T23:16:00
FL00524,SK562,AC1006,SkyWays,DEN,MSP,2024-09-25T02:00:00,2024-09-25T07:38:00
FL00525,EX594,AC1009,ExampleAir,SEA,ATL,2024-07-24T12:00:00,2024-07-24T14:01:00
FL00526,SK274,AC1010,SkyWays,LAX,MIA,2024-08-14T00:00:00,2024-08-14T01:37:00
FL00527,NO302,AC1016,NorthernJet,DFW,MSP,2024-07-29T02:00:00,2024-07-29T04:25:00
FL00528,EX200,AC1001,ExampleAir,JFK,ORD,2024-07-02T06:00:00,2024-07-02T08:32:00
FL00529,SK520,AC1002,SkyWays,SEA,SFO,2024-08-22T02:00:00,2024-08-22T07:49:00
FL00530,RE253,AC1007,RegionalCo,MIA,ORD,2024-07-02T21:00:00,2024-07-02T22:57:00
FL00531,RE396,AC1015,RegionalCo,SEA,PHX,2024-08-19T16:00:00,2024-08-19T18:55:00
FL00532,EX624,AC1017,ExampleAir,BOS,ATL,2024-09-06T19:00:00,2024-09-06T22:38:00
FL00533,SK864,AC1014,SkyWays,SEA,PHX,2024-09-15T19:00:00,2024-09-15T22:24:00
FL00534,NO318,AC1020,NorthernJet,SEA,PHX,2024-07-27T23:00:00,2024-07-28T02:54:00
FL00535,EX552,AC1001,ExampleAir,PHX,ORD,2024-08-05T15:00:00,2024-08-05T19:19:00
FL00536,SK430,AC1018,SkyWays,BOS,MSP,2024-08-04T10:00:00,2024-08-04T13:21:00
FL00537,RE850,AC1003,RegionalCo,DEN,DFW,2024-09-02T20:00:00,2024-09-02T22:39:00
FL00538,RE256,AC1003,RegionalCo,ATL,JFK,2024-08-24T07:00:00,2024-08-24T09:22:00
FL00539,EX232,AC1001,ExampleAir,PHX,MIA,2024-09-22T16:00:00,2024-09-22T21:32:00
FL00540,NO195,AC1008,NorthernJet,BOS,DFW,2024-09-24T07:00:00,2024-09-24T12:46:00
FL00541,EX837,AC1009,ExampleAir,BOS,PHX,2024-07-28T14:00:00,2024-07-28T16:27:00
FL00542,NO522,AC1008,NorthernJet,BOS,ORD,2024-07-16T00:00:00,2024-07-16T02:49:00
FL00543,RE505,AC1003,RegionalCo,DFW,MSP,2024-09-16T18:00:00,2024-09-16T22:09:00
FL00544,RE577,AC1003,RegionalCo,LAX,DEN,2024-09-28T04:00:00,2024-09-28T08:49:00
FL00545,SK476,AC1006,SkyWays,LAX,ATL,2024-07-27T03:00:00,2024-07-27T05:37:00
FL00546,SK708,AC1014,SkyWays,ATL,DEN,2024-08-29T04:00:00,2024-08-29T06:42:00
FL00547,NO156,AC1008,NorthernJet,ORD,PHX,2024-07-11T17:00:00,2024-07-11T20:27:00
FL00548,NO134,AC1012,NorthernJet,BOS,DFW,2024-07-25T07:00:00,2024-07-25T12:46:00
FL00549,SK402,AC1014,SkyWays,DFW,SEA,2024-09-20T08:00:00,2024-09-20T13:23:00
FL00550,RE413,AC1007,RegionalCo,MSP,ATL,2024-07-28T16:00:00,2024-07-28T21:58:00
FL00551,RE213,AC1019,RegionalCo,DEN,ATL,2024-08-17T09:00:00,2024-08-17T10:39:00
FL00552,RE953,AC1007,RegionalCo,DEN,SEA,2024-09-29T04:00:00,2024-09-29T08:29:00
FL00553,RE697,AC1007,RegionalCo,SFO,ORD,2024-08-16T15:00:00,2024-08-16T18:45:00
FL00554,SK501,AC1006,SkyWays,SFO,ATL,2024-07-11T12:00:00,2024-07-11T17:49:00
FL00555,SK314,AC1002,SkyWays,MSP,MIA,2024-09-25T03:00:00,2024-09-25T04:46:00
FL00556,NO120,AC1020,NorthernJet,MIA,SEA,2024-09-18T23:00:00,2024-09-19T00:31:00
FL00557,EX673,AC1001,ExampleAir,SEA,JFK,2024-09-21T00:00:00,2024-09-21T03:52:00
FL00558,NO183,AC1020,NorthernJet,MSP,ORD,2024-08-09T17:00:00,2024-08-09T20:26:00
FL00559,SK144,AC1018,SkyWays,PHX,SEA,2024-07-20T17:00:00,2024-07-20T19:31:00
FL00560,NO736,AC1016,NorthernJet,SFO,JFK,2024-09-15T11:00:00,2024-09-15T15:53:00
FL00561,EX437,AC1017,ExampleAir,DFW,ORD,2024-07-30T09:00:00,2024-07-30T12:48:00
FL00562,SK560,AC1002,SkyWays,PHX,ORD,2024-08-29T13:00:00,2024-08-29T17:33:00
FL00563,EX931,AC1005,ExampleAir,PHX,ORD,2024-07-04T04:00:00,2024-07-04T06:16:00
FL00564,RE212,AC1019,RegionalCo,PHX,ORD,2024-08-30T05:00:00,2024-08-30T07:00:00
FL00565,NO834,AC1012,NorthernJet,SEA,DEN,2024-08-14T01:00:00,2024-08-14T04:14:00
FL00566,RE421,AC1011,RegionalCo,MIA,PHX,2024-09-13T18:00:00,2024-09-13T20:14:00
FL00567,EX863,AC1009,ExampleAir,ORD,LAX,2024-08-04T18:00:00,2024-08-04T22:13:00
FL00568,EX970,AC1017,ExampleAir,DEN,DFW,2024-09-21T06:00:00,2024-09-21T11:40:00
FL00569,EX574,AC1005,ExampleAir,SFO,SEA,2024-07-25T14:00:00,2024-07-25T17:36:00
FL00570,NO337,AC1016,NorthernJet,LAX,MIA,2024-08-26T23:00:00,2024-08-27T03:37:00
FL00571,EX663,AC1001,ExampleAir,BOS,MIA,2024-09-16T17:00:00,2024-09-16T22:51:00
FL00572,NO934,AC1012,NorthernJet,LAX,JFK,2024-07-19T07:00:00,2024-07-19T10:51:00
FL00573,RE454,AC1011,RegionalCo,BOS,SEA,2024-08-21T06:00:00,2024-08-21T09:23:00
FL00574,RE340,AC1019,RegionalCo,PHX,JFK,2024-07-30T10:00:00,2024-07-30T15:15:00
FL00575,NO657,AC1004,NorthernJet,BOS,JFK,2024-09-18T16:00:00,2024-09-18T18:58:00
FL00576,RE865,AC1015,RegionalCo,DEN,MIA,2024-09-02T08:00:00,2024-09-02T12:27:00
FL00577,EX362,AC1009,ExampleAir,ATL,MIA,2024-08-01T08:00:00,2024-08-01T13:55:00
FL00578,EX183,AC1005,ExampleAir,ORD,DFW,2024-08-21T03:00:00,2024-08-21T06:34:00
FL00579,SK827,AC1002,SkyWays,JFK,SEA,2024-08-17T12:00:00,2024-08-17T15:34:00
FL00580,NO888,AC1016,NorthernJet,BOS,DFW,2024-09-18T08:00:00,2024-09-18T12:13:00
FL00581,RE158,AC1011,RegionalCo,ATL,LAX,2024-08-10T01:00:00,2024-08-10T03:05:00
FL00582,NO658,AC1016,NorthernJet,PHX,JFK,2024-07-05T20:00:00,2024-07-06T01:04:00
FL00583,EX576,AC1017,ExampleAir,ATL,DFW,2024-07-12T16:00:00,2024-07-12T17:59:00
FL00584,RE380,AC1003,RegionalCo,DEN,JFK,2024-08-20T22:00:00,2024-08-21T00:00:00
FL00585,RE493,AC1007,RegionalCo,DEN,LAX,2024-08-01T21:00:00,2024-08-01T23:42:00
FL00586,SK782,AC1018,SkyWays,MSP,DFW,2024-07-13T01:00:00,2024-07-13T06:13:00
FL00587,EX787,AC1001,ExampleAir,BOS,DEN,2024-09-03T10:00:00,2024-09-03T15:00:00
FL00588,NO602,AC1008,NorthernJet,DEN,MIA,2024-09-09T07:00:00,2024-09-09T10:28:00
FL00589,NO181,AC1004,NorthernJet,ORD,SFO,2024-07-06T17:00:00,2024-07-06T22:15:00
FL00590,RE366,AC1015,RegionalCo,LAX,MSP,2024-09-03T23:00:00,2024-09-04T01:34:00
FL00591,EX590,AC1001,ExampleAir,ORD,MIA,2024-09-25T20:00:00,2024-09-25T22:27:00
FL00592,NO577,AC1020,NorthernJet,ATL,ORD,2024-08-13T03:00:00,2024-08-13T04:30:00
FL00593,EX210,AC1009,ExampleAir,ATL,JFK,2024-08-05T09:00:00,2024-08-05T12:23:00
FL00594,RE533,AC1011,RegionalCo,SFO,PHX,2024-09-25T18:00:00,2024-09-25T22:56:00
FL00595,NO248,AC1004,NorthernJet,PHX,LAX,2024-07-09T17:00:00,2024-07-09T21:48:00
FL00596,NO840,AC1020,NorthernJet,PHX,ATL,2024-07-29T16:00:00,2024-07-29T18:15:00
FL00597,NO444,AC1016,NorthernJet,SFO,PHX,2024-07-02T16:00:00,2024-07-02T20:35:00
FL00598,RE337,AC1007,RegionalCo,DFW,MIA,2024-08-02T07:00:00,2024-08-02T11:05:00
FL00599,NO613,AC1020,NorthernJet,BOS,LAX,2024-08-01T05:00:00,2024-08-01T10:42:00
FL00600,NO532,AC1004,NorthernJet,MSP,PHX,2024-08-17T03:00:00,2024-08-17T06:00:00
FL00601,SK240,AC1006,SkyWays,MSP,MIA,2024-07-27T21:00:00,2024-07-28T00:34:00
FL00602,SK104,AC1014,SkyWays,SFO,SEA,2024-09-19T06:00:00,2024-09-19T09:01:00
FL00603,RE426,AC1015,RegionalCo,DEN,PHX,2024-08-22T17:00:00,2024-08-22T20:39:00
FL00604,SK482,AC1014,SkyWays,PHX,SFO,2024-08-26T10:00:00,2024-08-26T14:39:00
FL00605,RE709,AC1011,RegionalCo,LAX,PHX,2024-07-20T06:00:00,2024-07-20T11:51:00
FL00606,RE532,AC1007,RegionalCo,SFO,BOS,2024-07-29T07:00:00,2024-07-29T10:39:00
FL00607,RE810,AC1015,RegionalCo,DEN,SFO,2024-08-26T14:00:00,2024-08-26T18:22:00
FL00608,NO858,AC1020,NorthernJet,LAX,ATL,2024-08-08T23:00:00,2024-08-09T04:50:00
FL00609,EX672,AC1013,ExampleAir,DFW,PHX,2024-08-12T07:00:00,2024-08-12T09:31:00
FL00610,EX342,AC1017,ExampleAir,LAX,MSP,2024-07-16T03:00:00,2024-07-16T05:32:00
FL00611,SK325,AC1010,SkyWays,LAX,ATL,2024-07-20T08:00:00,2024-07-20T11:18:00
FL00612,SK513,AC1014,SkyWays,ATL,DEN,2024-09-15T09:00:00,2024-09-15T12:31:00
FL00613,SK318,AC1002,SkyWays,ATL,MIA,2024-09-12T22:00:00,2024-09-13T03:44:00
FL00614,SK156,AC1010,SkyWays,DEN,MSP,2024-08-14T20:00:00,2024-08-14T23:04:00
FL00615,RE834,AC1015,RegionalCo,MIA,MSP,2024-07-18T01:00:00,2024-07-18T05:18:00
FL00616,NO439,AC1004,NorthernJet,JFK,BOS,2024-09-22T11:00:00,2024-09-22T12:55:00
FL00617,SK857,AC1010,SkyWays,JFK,SFO,2024-09-16T03:00:00,2024-09-16T08:06:00
FL00618,EX608,AC1013,ExampleAir,ATL,MSP,2024-07-07T02:00:00,2024-07-07T06:44:00
FL00619,SK328,AC1018,SkyWays,BOS,SEA,2024-07-09T14:00:00,2024-07-09T18:21:00
FL00620,RE204,AC1003,RegionalCo,ORD,ATL,2024-07-17T17:00:00,2024-07-17T18:58:00
FL00621,RE812,AC1011,RegionalCo,ORD,LAX,2024-07-09T23:00:00,2024-07-10T04:07:00
FL00622,EX426,AC1009,ExampleAir,LAX,BOS,2024-09-12T17:00:00,2024-09-12T22:07:00
FL00623,RE177,AC1011,RegionalCo,DFW,ATL,2024-07-15T20:00:00,2024-07-16T01:46:00
FL00624,EX735,AC1005,ExampleAir,SEA,MIA,2024-09-29T07:00:00,2024-09-29T10:57:00
FL00625,SK427,AC1018,SkyWays,SFO,DFW,2024-07-10T11:00:00,2024-07-10T14:45:00
FL00626,SK786,AC1006,SkyWays,JFK,SEA,2024-08-16T14:00:00,2024-08-16T16:06:00
FL00627,RE991,AC1011,RegionalCo,ATL,PHX,2024-08-25T11:00:00,2024-08-25T14:50:00
FL00628,RE863,AC1019,RegionalCo,JFK,SFO,2024-08-22T10:00:00,2024-08-22T13:41:00
FL00629,RE479,AC1015,RegionalCo,PHX,MSP,2024-08-05T11:00:00,2024-08-05T13:45:00
FL00630,RE539,AC1011,RegionalCo,MSP,LAX,2024-09-03T20:00:00,2024-09-03T23:54:00
FL00631,RE965,AC1015,RegionalCo,SEA,PHX,2024-09-07T01:00:00,2024-09-07T03:36:00
FL00632,EX219,AC1013,ExampleAir,DEN,PHX,2024-09-07T15:00:00,2024-09-07T16:50:00
FL00633,RE900,AC1003,RegionalCo,PHX,DEN,2024-08-09T11:00:00,2024-08-09T15:54:00
FL00634,SK398,AC1014,SkyWays,ATL,PHX,2024-07-23T22:00:00,2024-07-24T01:09:00
FL00635,RE220,AC1015,RegionalCo,JFK,DFW,2024-08-08T06:00:00,2024-08-08T11:41:00
FL00636,RE852,AC1015,RegionalCo,MIA,LAX,2024-07-24T23:00:00,2024-07-25T02:42:00
FL00637,RE603,AC1007,RegionalCo,MSP,PHX,2024-09-27T00:00:00,2024-09-27T04:16:00
FL00638,RE690,AC1007,RegionalCo,JFK,LAX,2024-07-02T05:00:00,2024-07-02T08:09:00
FL00639,NO354,AC1012,NorthernJet,BOS,LAX,2024-08-02T17:00:00,2024-08-02T21:48:00
FL00640,RE254,AC1007,RegionalCo,SEA,DEN,2024-07-11T19:00:00,2024-07-11T21:15:00
FL00641,NO778,AC1004,NorthernJet,PHX,DFW,2024-07-22T10:00:00,2024-07-22T15:47:00
FL00642,EX291,AC1005,ExampleAir,DFW,SEA,2024-09-14T19:00:00,2024-09-14T23:10:00
FL00643,SK840,AC1014,SkyWays,LAX,ATL,2024-09-20T23:00:00,2024-09-21T01:24:00
FL00644,SK963,AC1018,SkyWays,BOS,DEN,2024-09-29T07:00:00,2024-09-29T10:03:00
FL00645,RE123,AC1011,RegionalCo,SFO,MSP,2024-09-17T02:00:00,2024-09-17T07:04:00
FL00646,EX115,AC1013,ExampleAir,MSP,MIA,2024-08-15T06:00:00,2024-08-15T07:37:00
FL00647,EX105,AC1009,ExampleAir,SEA,MSP,2024-08-18T13:00:00,2024-08-18T17:13:00
FL00648,NO681,AC1012,NorthernJet,JFK,BOS,2024-09-04T08:00:00,2024-09-04T12:03:00
FL00649,EX166,AC1013,ExampleAir,LAX,SEA,2024-08-21T14:00:00,2024-08-21T19:49:00
FL00650,EX357,AC1005,ExampleAir,PHX,ATL,2024-07-02T08:00:00,2024-07-02T12:47:00
FL00651,RE115,AC1019,RegionalCo,MIA,DEN,2024-07-17T11:00:00,2024-07-17T12:48:00
FL00652,EX112,AC1013,ExampleAir,MSP,MIA,2024-09-03T12:00:00,2024-09-03T16:58:00
FL00653,SK650,AC1014,SkyWays,LAX,SFO,2024-08-24T13:00:00,2024-08-24T16:25:00
FL00654,EX275,AC1001,ExampleAir,JFK,DEN,2024-07-10T13:00:00,2024-07-10T16:26:00
FL00655,NO174,AC1004,NorthernJet,ORD,PHX,2024-09-04T20:00:00,2024-09-04T23:21:00
FL00656,SK119,AC1010,SkyWays,JFK,PHX,2024-07-24T19:00:00,2024-07-25T00:02:00
FL00657,RE455,AC1011,RegionalCo,DFW,BOS,2024-08-14T00:00:00,2024-08-14T01:43:00
FL00658,SK120,AC1018,SkyWays,SFO,PHX,2024-07-16T19:00:00,2024-07-16T23:19:00
FL00659,EX538,AC1013,ExampleAir,ORD,JFK,2024-07-30T16:00:00,2024-07-30T17:57:00
FL00660,EX841,AC1001,ExampleAir,PHX,DFW,2024-07-29T10:00:00,2024-07-29T12:16:00
FL00661,SK406,AC1006,SkyWays,LAX,BOS,2024-07-28T11:00:00,2024-07-28T12:44:00
FL00662,RE358,AC1011,RegionalCo,SEA,ORD,2024-09-08T07:00:00,2024-09-08T10:57:00
FL00663,NO709,AC1020,NorthernJet,DFW,DEN,2024-07-31T10:00:00,2024-07-31T15:32:00
FL00664,NO478,AC1008,NorthernJet,BOS,JFK,2024-09-01T07:00:00,2024-09-01T08:35:00
FL00665,SK381,AC1006,SkyWays,SEA,MSP,2024-07-05T07:00:00,2024-07-05T11:41:00
FL00666,SK226,AC1010,SkyWays,LAX,DFW,2024-08-02T03:00:00,2024-08-02T08:04:00
FL00667,NO739,AC1016,NorthernJet,JFK,LAX,2024-09-03T15:00:00,2024-09-03T19:34:00
FL00668,SK290,AC1006,SkyWays,BOS,MIA,2024-09-07T23:00:00,2024-09-08T01:05:00
FL00669,RE421,AC1003,RegionalCo,SEA,BOS,2024-09-25T19:00:00,2024-09-25T20:32:00
FL00670,RE717,AC1019,RegionalCo,SFO,MIA,2024-07-16T17:00:00,2024-07-16T21:30:00
FL00671,EX937,AC1001,ExampleAir,MIA,BOS,2024-09-17T13:00:00,2024-09-17T15:31:00
FL00672,RE997,AC1011,RegionalCo,SEA,DEN,2024-07-19T09:00:00,2024-07-19T10:38:00
FL00673,SK507,AC1018,SkyWays,JFK,SFO,2024-08-20T16:00:00,2024-08-20T19:14:00
FL00674,NO732,AC1016,NorthernJet,MSP,JFK,2024-09-25T05:00:00,2024-09-25T06:36:00
FL00675,RE377,AC1011,RegionalCo,SEA,MIA,2024-08-03T00:00:00,2024-08-03T02:35:00
FL00676,NO555,AC1016,NorthernJet,ORD,DFW,2024-08-01T16:00:00,2024-08-01T18:36:00
FL00677,SK393,AC1014,SkyWays,SEA,ORD,2024-07-25T19:00:00,2024-07-25T23:53:00
FL00678,SK642,AC1018,SkyWays,DEN,SEA,2024-08-23T12:00:00,2024-08-23T14:46:00
FL00679,NO832,AC1008,NorthernJet,DFW,ORD,2024-07-02T09:00:00,2024-07-02T13:15:00
FL00680,SK581,AC1010,SkyWays,BOS,SFO,2024-09-17T15:00:00,2024-09-17T18:34:00
FL00681,EX433,AC1001,ExampleAir,MSP,DFW,2024-08-04T03:00:00,2024-08-04T07:20:00
FL00682,NO470,AC1016,NorthernJet,MSP,ATL,2024-08-30T14:00:00,2024-08-30T16:45:00
FL00683,SK726,AC1002,SkyWays,DEN,JFK,2024-09-25T16:00:00,2024-09-25T19:58:00
FL00684,RE454,AC1019,RegionalCo,SEA,DFW,2024-09-07T21:00:00,2024-09-08T00:02:00
FL00685,SK341,AC1002,SkyWays,BOS,DFW,2024-08-08T17:00:00,2024-08-08T22:24:00
FL00686,RE430,AC1007,RegionalCo,BOS,SEA,2024-07-19T06:00:00,2024-07-19T08:53:00
FL00687,NO645,AC1008,NorthernJet,LAX,DFW,2024-08-31T06:00:00,2024-08-31T08:51:00
FL00688,RE389,AC1003,RegionalCo,LAX,ORD,2024-08-19T18:00:00,2024-08-19T23:40:00
FL00689,RE406,AC1007,RegionalCo,MSP,MIA,2024-08-15T19:00:00,2024-08-15T21:53:00
FL00690,EX192,AC1001,ExampleAir,ORD,SFO,2024-08-29T00:00:00,2024-08-29T01:46:00
FL00691,EX263,AC1017,ExampleAir,BOS,LAX,2024-08-29T20:00:00,2024-08-29T23:26:00
FL00692,NO379,AC1012,NorthernJet,LAX,DFW,2024-07-22T05:00:00,2024-07-22T07:04:00
FL00693,RE276,AC1003,RegionalCo,ATL,JFK,2024-09-07T22:00:00,2024-09-07T23:44:00
FL00694,RE477,AC1019,RegionalCo,DFW,JFK,2024-09-12T03:00:00,2024-09-12T05:08:00
FL00695,SK786,AC1018,SkyWays,ATL,BOS,2024-07-09T04:00:00,2024-07-09T08:08:00
FL00696,NO496,AC1012,NorthernJet,PHX,BOS,2024-09-19T08:00:00,2024-09-19T13:37:00
FL00697,SK612,AC1018,SkyWays,SFO,DEN,2024-07-20T10:00:00,2024-07-20T11:44:00
FL00698,NO289,AC1008,NorthernJet,ORD,SEA,2024-09-21T03:00:00,2024-09-21T04:42:00
FL00699,RE210,AC1007,RegionalCo,LAX,ATL,2024-09-07T22:00:00,2024-09-07T23:57:00
FL00700,RE812,AC1015,RegionalCo,ORD,PHX,2024-09-14T22:00:00,2024-09-15T03:25:00
FL00701,SK528,AC1010,SkyWays,DEN,LAX,2024-09-18T13:00:00,2024-09-18T18:03:00
FL00702,EX879,AC1001,ExampleAir,PHX,MSP,2024-07-11T09:00:00,2024-07-11T12:34:00
FL00703,EX440,AC1005,ExampleAir,LAX,DEN,2024-09-01T21:00:00,2024-09-02T02:05:00
FL00704,RE480,AC1007,RegionalCo,ORD,MIA,2024-07-24T02:00:00,2024-07-24T05:11:00
FL00705,SK790,AC1010,SkyWays,JFK,BOS,2024-08-28T04:00:00,2024-08-28T09:24:00
FL00706,SK398,AC1014,SkyWays,PHX,DFW,2024-08-11T07:00:00,2024-08-11T12:32:00
FL00707,SK956,AC1018,SkyWays,PHX,SEA,2024-07-06T10:00:00,2024-07-06T12:13:00
FL00708,SK611,AC1018,SkyWays,DEN,BOS,2024-09-12T23:00:00,2024-09-13T03:59:00
FL00709,RE247,AC1015,RegionalCo,JFK,DEN,2024-08-19T22:00:00,2024-08-20T03:22:00
FL00710,NO133,AC1004,NorthernJet,MIA,LAX,2024-08-05T17:00:00,2024-08-05T20:20:00
FL00711,EX358,AC1017,ExampleAir,SEA,MSP,2024-07-07T22:00:00,2024-07-08T03:32:00
FL00712,NO444,AC1020,NorthernJet,DFW,SFO,2024-09-08T22:00:00,2024-09-09T02:28:00
FL00713,NO230,AC1012,NorthernJet,LAX,SFO,2024-08-15T11:00:00,2024-08-15T14:43:00
FL00714,SK275,AC1014,SkyWays,BOS,LAX,2024-09-22T04:00:00,2024-09-22T09:23:00
FL00715,SK976,AC1002,SkyWays,MSP,SEA,2024-07-13T18:00:00,2024-07-13T22:41:00
FL00716,EX259,AC1017,ExampleAir,LAX,DEN,2024-09-26T10:00:00,2024-09-26T14:02:00
FL00717,RE314,AC1007,RegionalCo,ORD,DFW,2024-08-22T07:00:00,2024-08-22T10:35:00
FL00718,EX192,AC1013,ExampleAir,ATL,PHX,2024-07-06T04:00:00,2024-07-06T08:55:00
FL00719,SK599,AC1018,SkyWays,DFW,DEN,2024-09-24T18:00:00,2024-09-24T22:40:00
FL00720,RE546,AC1011,RegionalCo,MSP,ORD,2024-08-01T02:00:00,2024-08-01T04:53:00
FL00721,RE183,AC1003,RegionalCo,MIA,PHX,2024-09-26T03:00:00,2024-09-26T07:57:00
FL00722,RE266,AC1007,RegionalCo,DFW,DEN,2024-09-20T19:00:00,2024-09-20T20:51:00
FL00723,EX198,AC1017,ExampleAir,SEA,MIA,2024-08-28T23:00:00,2024-08-29T04:35:00
FL00724,SK705,AC1018,SkyWays,DFW,SFO,2024-09-15T06:00:00,2024-09-15T09:05:00
FL00725,NO435,AC1016,NorthernJet,MIA,BOS,2024-07-23T09:00:00,2024-07-23T14:18:00
FL00726,NO323,AC1012,NorthernJet,SEA,MIA,2024-08-15T02:00:00,2024-08-15T06:11:00
FL00727,SK369,AC1002,SkyWays,ATL,PHX,2024-08-23T10:00:00,2024-08-23T12:25:00
FL00728,SK877,AC1010,SkyWays,LAX,JFK,2024-07-28T15:00:00,2024-07-28T17:51:00
FL00729,SK721,AC1002,SkyWays,JFK,MSP,2024-09-14T03:00:00,2024-09-14T08:37:00
FL00730,EX587,AC1001,ExampleAir,DEN,LAX,2024-09-25T14:00:00,2024-09-25T16:14:00
FL00731,SK186,AC1018,SkyWays,BOS,SEA,2024-07-06T02:00:00,2024-07-06T06:51:00
FL00732,EX485,AC1005,ExampleAir,LAX,BOS,2024-08-28T04:00:00,2024-08-28T09:06:00
FL00733,EX480,AC1013,ExampleAir,JFK,PHX,2024-09-07T10:00:00,2024-09-07T13:22:00
FL00734,SK991,AC1014,SkyWays,JFK,MIA,2024-09-24T21:00:00,2024-09-25T01:54:00
FL00735,NO766,AC1020,NorthernJet,MSP,SEA,2024-08-23T04:00:00,2024-08-23T09:28:00
FL00736,NO119,AC1012,NorthernJet,ATL,MSP,2024-09-03T03:00:00,2024-09-03T06:00:00
FL00737,EX473,AC1001,ExampleAir,LAX,ATL,2024-08-20T22:00:00,2024-08-21T03:45:00
FL00738,SK697,AC1002,SkyWays,LAX,PHX,2024-07-16T10:00:00,2024-07-16T14:01:00
FL00739,RE583,AC1007,RegionalCo,ORD,ATL,2024-09-10T08:00:00,2024-09-10T10:39:00
FL00740,SK898,AC1006,SkyWays,MSP,MIA,2024-08-07T18:00:00,2024-08-07T23:48:00
FL00741,EX311,AC1009,ExampleAir,PHX,BOS,2024-07-23T03:00:00,2024-07-23T07:58:00
FL00742,RE660,AC1007,RegionalCo,ORD,DEN,2024-07-21T05:00:00,2024-07-21T10:07:00
FL00743,NO246,AC1016,NorthernJet,BOS,SEA,2024-08-06T01:00:00,2024-08-06T05:47:00
FL00744,EX585,AC1017,ExampleAir,LAX,JFK,2024-08-01T15:00:00,2024-08-01T19:49:00
FL00745,SK476,AC1018,SkyWays,BOS,DFW,2024-08-09T21:00:00,2024-08-10T01:34:00
FL00746,SK255,AC1010,SkyWays,LAX,MIA,2024-08-03T03:00:00,2024-08-03T04:34:00
FL00747,NO925,AC1020,NorthernJet,DFW,DEN,2024-07-02T11:00:00,2024-07-02T14:46:00
FL00748,SK948,AC1014,SkyWays,ATL,ORD,2024-09-17T12:00:00,2024-09-17T14:18:00
FL00749,SK357,AC1002,SkyWays,SEA,ORD,2024-08-07T09:00:00,2024-08-07T14:24:00
FL00750,EX471,AC1017,ExampleAir,ORD,PHX,2024-09-02T05:00:00,2024-09-02T08:34:00
FL00751,SK574,AC1014,SkyWays,LAX,SFO,2024-07-30T19:00:00,2024-07-30T23:37:00
FL00752,SK335,AC1006,SkyWays,SEA,MIA,2024-09-10T02:00:00,2024-09-10T07:51:00
FL00753,RE526,AC1007,RegionalCo,MIA,MSP,2024-09-27T23:00:00,2024-09-28T03:31:00
FL00754,EX272,AC1017,ExampleAir,JFK,PHX,2024-09-01T02:00:00,2024-09-01T05:24:00
FL00755,EX538,AC1009,ExampleAir,JFK,SEA,2024-08-09T17:00:00,2024-08-09T20:59:00
FL00756,SK715,AC1002,SkyWays,LAX,ATL,2024-07-08T08:00:00,2024-07-08T13:19:00
FL00757,RE455,AC1011,RegionalCo,ATL,SFO,2024-09-04T17:00:00,2024-09-04T21:45:00
FL00758,NO735,AC1004,NorthernJet,DEN,MIA,2024-09-16T07:00:00,2024-09-16T12:01:00
FL00759,NO395,AC1008,NorthernJet,ATL,DEN,2024-08-18T10:00:00,2024-08-18T12:37:00
FL00760,SK997,AC1010,SkyWays,JFK,ORD,2024-08-17T16:00:00,2024-08-17T18:12:00
FL00761,NO296,AC1016,NorthernJet,JFK,PHX,2024-07-24T11:00:00,2024-07-24T13:12:00
FL00762,EX516,AC1001,ExampleAir,DFW,SFO,2024-08-13T17:00:00,2024-08-13T19:52:00
FL00763,NO949,AC1004,NorthernJet,ORD,DFW,2024-08-21T04:00:00,2024-08-21T05:38:00
FL00764,NO785,AC1020,NorthernJet,SEA,ATL,2024-07-10T01:00:00,2024-07-10T06:52:00
FL00765,RE786,AC1011,RegionalCo,SEA,BOS,2024-09-24T11:00:00,2024-09-24T14:49:00
FL00766,SK331,AC1010,SkyWays,MSP,LAX,2024-09-06T11:00:00,2024-09-06T15:38:00
FL00767,SK615,AC1006,SkyWays,LAX,MSP,2024-08-20T11:00:00,2024-08-20T14:36:00
FL00768,NO571,AC1004,NorthernJet,SFO,BOS,2024-07-31T10:00:00,2024-07-31T12:06:00
FL00769,RE850,AC1011,RegionalCo,ORD,DEN,2024-07-23T11:00:00,2024-07-23T16:42:00
FL00770,SK860,AC1014,SkyWays,DEN,MSP,2024-07-18T21:00:00,2024-07-18T22:53:00
FL00771,RE115,AC1003,RegionalCo,DEN,SFO,2024-09-22T10:00:00,2024-09-22T14:28:00
FL00772,NO725,AC1004,NorthernJet,DEN,PHX,2024-07-26T01:00:00,2024-07-26T04:33:00
FL00773,EX633,AC1013,ExampleAir,ATL,PHX,2024-08-16T10:00:00,2024-08-16T13:57:00
FL00774,NO733,AC1016,NorthernJet,MIA,SFO,2024-08-03T00:00:00,2024-08-03T01:33:00
FL00775,SK536,AC1014,SkyWays,JFK,ORD,2024-07-04T11:00:00,2024-07-04T16:55:00
FL00776,SK133,AC1014,SkyWays,DFW,BOS,2024-08-15T01:00:00,2024-08-15T06:46:00
FL00777,NO665,AC1008,NorthernJet,MSP,SEA,2024-08-22T04:00:00,2024-08-22T06:02:00
FL00778,SK822,AC1014,SkyWays,ATL,SEA,2024-08-11T08:00:00,2024-08-11T11:22:00
FL00779,NO361,AC1016,NorthernJet,SFO,DEN,2024-08-15T14:00:00,2024-08-15T16:58:00
FL00780,SK580,AC1010,SkyWays,PHX,BOS,2024-08-20T14:00:00,2024-08-20T17:57:00
FL00781,NO522,AC1016,NorthernJet,MIA,SEA,2024-07-16T11:00:00,2024-07-16T13:09:00
FL00782,NO423,AC1008,NorthernJet,DEN,LAX,2024-09-04T14:00:00,2024-09-04T17:01:00
FL00783,NO661,AC1020,NorthernJet,SFO,DEN,2024-09-03T23:00:00,2024-09-04T01:27:00
FL00784,SK538,AC1006,SkyWays,SFO,BOS,2024-07-19T03:00:00,2024-07-19T05:31:00
FL00785,EX833,AC1001,ExampleAir,MIA,DEN,2024-08-30T22:00:00,2024-08-30T23:35:00
FL00786,RE393,AC1019,RegionalCo,PHX,SFO,2024-08-17T06:00:00,2024-08-17T09:34:00
FL00787,NO331,AC1012,NorthernJet,PHX,BOS,2024-07-29T10:00:00,2024-07-29T12:43:00
FL00788,RE834,AC1019,RegionalCo,BOS,SFO,2024-09-08T02:00:00,2024-09-08T04:13:00
FL00789,EX115,AC1001,ExampleAir,MIA,SFO,2024-07-13T02:00:00,2024-07-13T06:36:00
FL00790,SK370,AC1002,SkyWays,BOS,DEN,2024-08-06T04:00:00,2024-08-06T08:19:00
FL00791,RE805,AC1007,RegionalCo,ATL,DEN,2024-07-22T10:00:00,2024-07-22T13:49:00
FL00792,NO571,AC1020,NorthernJet,DEN,LAX,2024-07-10T18:00:00,2024-07-10T21:46:00
FL00793,SK320,AC1010,SkyWays,ATL,MSP,2024-09-18T10:00:00,2024-09-18T13:22:00
FL00794,RE394,AC1015,RegionalCo,SFO,MIA,2024-07-29T11:00:00,2024-07-29T14:55:00
FL00795,NO858,AC1020,NorthernJet,LAX,DFW,2024-07-27T03:00:00,2024-07-27T06:05:00
FL00796,RE146,AC1007,RegionalCo,DFW,BOS,2024-09-24T17:00:00,2024-09-24T18:58:00
FL00797,RE310,AC1011,RegionalCo,JFK,MSP,2024-09-26T04:00:00,2024-09-26T06:03:00
FL00798,SK468,AC1010,SkyWays,DFW,BOS,2024-09-03T02:00:00,2024-09-03T05:40:00
FL00799,SK926,AC1010,SkyWays,MIA,SEA,2024-09-12T18:00:00,2024-09-12T21:21:00
FL00800,RE140,AC1003,RegionalCo,DEN,SFO,2024-09-11T03:00:00,2024-09-11T06:32:00
